"NUM_COMMANDE";"LIGNE_COMMANDE";"CODE_CLIENT";"NOM_CLIENT";"ARTICLE";"DESCRIPTION";"QTE_COMMANDEE";"QTE_ALLOUEE";"QTE_RESTANTE";"DATE_EXPEDITION_DEMANDEE";"FLAG_CONTREMARQUE";"OF_CONTREMARQUE";
"AR2401153"; 1000;"90045";"AEROHOUSE Ltd";"DIV-DIVERS";"DIVERS";1;0;1;"06/09/2024";    1;"";
"AR2401081"; 1000;"90045";"AEROHOUSE Ltd";"DIV-DIVERS";"DIVERS";1;0;1;"06/09/2024";    1;"";
"AR2503137"; 1000;"96001";"PARTN-AIR SA";"DP2389";"SOCLE EAR ACOU EQ 43dB RAL7039";600;0;285;"17/02/2026";    1;"";
"AR2600582"; 4000;"93702";"KROBATH PROTECH GmbH";"AEA1992XX";"SOCLE EAR ACOUS EQ 43dB BLC AE";840;0;530;"27/02/2026";    1;"";
"AR2600167"; 7000;"50004";"AERECO GmbH";"BXE2077GM";"BXCC1245---- R0 --- - -- 100AE";30;0;27;"04/03/2026";    1;"";
"AR2600410"; 7000;"50004";"AERECO GmbH";"EAR2019GM";"EAR  0*35 L-- SP -- BLC AE";360;0;360;"04/03/2026";    1;"";
"AR2600613"; 1000;"80001";"ALDES ";"A2177";"PLATINE T2A PAR 4";336;0;336;"09/03/2026";    5;"";
"AR2600411"; 3000;"50004";"AERECO GmbH";"EAR2019GM";"EAR  0*35 L-- SP -- BLC AE";360;0;360;"11/03/2026";    1;"";
"AR2601350"; 1000;"80001";"ALDES ";"11033817";"CARTE MASTER EASYHOME SENSAIR";10;0;10;"11/03/2026";    5;"";
"AR2600881"; 1000;"80001";"ALDES ";"11033451";"ESHKIT CPT HYGMW- BDH --------";448;0;16;"11/03/2026";    5;"F426-07941";
"AR2600880"; 5000;"80001";"ALDES ";"11033549";"ESHKIT CPT HYGCLA BDH --------";160;0;160;"11/03/2026";    5;"F426-08857";
"AR2601205"; 4000;"80001";"ALDES ";"11016286";"MR MONO D160 170M3/100CFM";2;0;2;"13/03/2026";    1;"";
"AR2601205"; 5000;"80001";"ALDES ";"11016286";"MR MONO D160 170M3/100CFM";4;0;4;"13/03/2026";    1;"";
"AR2601205"; 6000;"80001";"ALDES ";"11016288";"MR MONO D160 190M3/112CFM";1;0;1;"13/03/2026";    1;"";
"AR2601209"; 1000;"80001";"ALDES ";"11016265";"MR MONO D125/5IN 105M3/62CFM";1;0;1;"13/03/2026";    1;"";
"AR2601209"; 2000;"80001";"ALDES ";"11016265";"MR MONO D125/5IN 105M3/62CFM";1;0;1;"13/03/2026";    1;"";
"AR2601209"; 3000;"80001";"ALDES ";"11016297";"MR MONO D200/8IN 325M3/191CFM";1;0;1;"13/03/2026";    1;"";
"AR2601196"; 1000;"80001";"ALDES ";"11016265";"MR MONO D125/5IN 105M3/62CFM";1;0;1;"13/03/2026";    1;"";
"AR2601196"; 2000;"80001";"ALDES ";"11016269";"MR MONO D125/5IN 125M3/74CFM";5;0;5;"13/03/2026";    1;"";
"AR2601196"; 3000;"80001";"ALDES ";"11016269";"MR MONO D125/5IN 125M3/74CFM";4;0;4;"13/03/2026";    1;"";
"AR2601196"; 4000;"80001";"ALDES ";"11016269";"MR MONO D125/5IN 125M3/74CFM";8;0;8;"13/03/2026";    1;"";
"AR2601196"; 5000;"80001";"ALDES ";"11016282";"MR MONO D160 130M3/76CFM";8;0;8;"13/03/2026";    1;"";
"AR2601196"; 6000;"80001";"ALDES ";"11016282";"MR MONO D160 130M3/76CFM";4;0;4;"13/03/2026";    1;"";
"AR2601196"; 7000;"80001";"ALDES ";"11016283";"MR MONO D160 140M3/82CFM";7;0;7;"13/03/2026";    1;"";
"AR2601196"; 8000;"80001";"ALDES ";"11016283";"MR MONO D160 140M3/82CFM";6;0;6;"13/03/2026";    1;"";
"AR2601196"; 9000;"80001";"ALDES ";"11016286";"MR MONO D160 170M3/100CFM";1;0;1;"13/03/2026";    1;"";
"AR2601196";10000;"80001";"ALDES ";"11016286";"MR MONO D160 170M3/100CFM";9;0;9;"13/03/2026";    1;"";
"AR2601196";11000;"80001";"ALDES ";"11016288";"MR MONO D160 190M3/112CFM";1;0;1;"13/03/2026";    1;"";
"AR2601197"; 1000;"80001";"ALDES ";"11016301";"MR MONO D250/10IN 350M3/206CFM";2;0;2;"13/03/2026";    1;"";
"AR2601197"; 2000;"80001";"ALDES ";"11016288";"MR MONO D160 190M3/112CFM";1;0;1;"13/03/2026";    1;"";
"AR2601198"; 1000;"80001";"ALDES ";"11019147";"BAPCOLOR 45-120 D116 BLC/WHI";20;0;20;"13/03/2026";    1;"";
"AR2600342"; 3000;"80001";"ALDES ";"11033680";"KIT BDH BAIN CELLIER D80";180;0;120;"13/03/2026";    5;"F426-06270";
"AR2601185"; 1000;"80001";"ALDES ";"11016083";"MR MONO D160/6IN 310M3/182CFM";2;0;2;"13/03/2026";    1;"";
"AR2601167"; 1000;"80001";"ALDES ";"11016227";"MR MONO D80 20M3/12CFM";1;0;1;"13/03/2026";    1;"";
"AR2601170"; 1000;"80001";"ALDES ";"11016306";"MR MONO D250/10IN 650M3/383CFM";1;0;1;"13/03/2026";    1;"";
"AR2601174"; 1000;"80001";"ALDES ";"11019142";"BAPCOLOR 15 D116 BLC/WHI";2;0;2;"13/03/2026";    1;"";
"AR2601205"; 1000;"80001";"ALDES ";"11016283";"MR MONO D160 140M3/82CFM";2;0;2;"13/03/2026";    1;"";
"AR2601205"; 2000;"80001";"ALDES ";"11016283";"MR MONO D160 140M3/82CFM";2;0;2;"13/03/2026";    1;"";
"AR2601205"; 3000;"80001";"ALDES ";"11016286";"MR MONO D160 170M3/100CFM";1;0;1;"13/03/2026";    1;"";
"AR2601233"; 2000;"80001";"ALDES ";"11016257";"MR MONO D125/5IN 65M3/38CFM";1;0;1;"16/03/2026";    1;"";
"AR2601233"; 1000;"80001";"ALDES ";"11016257";"MR MONO D125/5IN 65M3/38CFM";1;0;1;"16/03/2026";    1;"";
"AR2601212"; 2000;"80001";"ALDES ";"11016283";"MR MONO D160 140M3/82CFM";1;0;1;"16/03/2026";    1;"";
"AR2601212"; 1000;"80001";"ALDES ";"11016265";"MR MONO D125/5IN 105M3/62CFM";2;0;2;"16/03/2026";    1;"";
"AR2600857"; 1000;"80001";"ALDES ";"11026052";"ESHKIT CPT DHU--  COL -------";192;0;192;"16/03/2026";    5;"F426-08845";
"AR2600778"; 1000;"80001";"ALDES ";"BDH2254AL";"BDH1050 -75 R03PNE -30 N 125AL";384;0;384;"16/03/2026";    5;"F426-08419";
"AR2601159"; 2000;"80001";"ALDES ";"EFL1348AL";"EAR 162132 39DB -- BRU AL";165;0;155;"16/03/2026";    1;"";
"AR2601212"; 3000;"80001";"ALDES ";"11016286";"MR MONO D160 170M3/100CFM";2;0;2;"16/03/2026";    1;"";
"AR2601239"; 1000;"80001";"ALDES ";"11019147";"BAPCOLOR 45-120 D116 BLC/WHI";15;0;15;"17/03/2026";    1;"";
"AR2601240"; 1000;"80001";"ALDES ";"11019142";"BAPCOLOR 15 D116 BLC/WHI";2;0;2;"17/03/2026";    1;"";
"AR2601241"; 1000;"80001";"ALDES ";"11019146";"BAPCOLOR 45-105 D116 BLC/WHI";7;0;7;"17/03/2026";    1;"";
"AR2600886"; 1000;"80001";"ALDES ";"11033531";"ESHKIT CBL HYGCLA BDH --------";504;0;504;"17/03/2026";    5;"F426-08862";
"AR2600581"; 1000;"96001";"PARTN-AIR SA";"BXE2073EX";"BXCC1270--70 R0 INT - 20 100AE";50;0;50;"17/03/2026";    1;"";
"AR2601110"; 1000;"93702";"KROBATH PROTECH GmbH";"AEA064XX";"EHT LIMITEUR DEBIT D100";100;0;100;"17/03/2026";    1;"";
"AR2601110"; 2000;"93702";"KROBATH PROTECH GmbH";"AEA086XX";"EHT ADAPT LIMITEUR DEBIT D125";108;0;108;"17/03/2026";    1;"";
"AR2601110"; 3000;"93702";"KROBATH PROTECH GmbH";"AEA098XX";"EMM AUVENT PLAT BLC AE";300;0;300;"17/03/2026";    1;"";
"AR2601110"; 4000;"93702";"KROBATH PROTECH GmbH";"A4581E01";"FACE AV EAR OBT BLC AE";64;0;64;"17/03/2026";    1;"";
"AR2601110"; 5000;"93702";"KROBATH PROTECH GmbH";"AVE391EX";"VAM SAV MOTOTURBINE 230V 100Pa";6;0;6;"17/03/2026";    1;"";
"AR2601110"; 6000;"93702";"KROBATH PROTECH GmbH";"BFX1929EX";"BXCDFIXE--50 -- --- - -- 100AE";48;0;48;"17/03/2026";    1;"";
"AR2600896"; 1000;"50025";"AERECO WENTYLACJA Sp. z.o.o";"11011516";"ELLIA O MODULE - BLC/WHI";180;0;180;"17/03/2026";    1;"";
"AR2601110"; 8000;"93702";"KROBATH PROTECH GmbH";"BXC1914EX";"BXCD12----70 -- PDC - 20 APPAE";24;0;24;"17/03/2026";    1;"";
"AR2601110"; 9000;"93702";"KROBATH PROTECH GmbH";"A6977";"GRILLE ANTI-INSECTE PLAST ETH";200;0;200;"17/03/2026";    1;"";
"AR2601110";10000;"93702";"KROBATH PROTECH GmbH";"VAM767EX";"VAM GALV 230V 50Hz 100Pa";3;0;3;"17/03/2026";    1;"";
"AR2601110";11000;"93702";"KROBATH PROTECH GmbH";"V4A2164EX";"V4A2 230V PREMIUM";10;0;10;"17/03/2026";    1;"";
"AR2504245"; 1000;"50025";"AERECO WENTYLACJA Sp. z.o.o";"AEA1241XX";"EMM AUVENT + GRILLE GRA";1809;0;1809;"17/03/2026";    1;"";
"AR2504245"; 3000;"50025";"AERECO WENTYLACJA Sp. z.o.o";"11819091";"BAT.125.2 (Aereco)";720;0;720;"17/03/2026";    1;"";
"AR2504245"; 4000;"50025";"AERECO WENTYLACJA Sp. z.o.o";"BXC1907EX";"BXCD1270---- R0 --- - -- 125AE";1728;0;1728;"17/03/2026";    1;"";
"AR2504245"; 5000;"50025";"AERECO WENTYLACJA Sp. z.o.o";"BXL888PO";"BHMM1070       I3- -------- AE";576;0;576;"17/03/2026";    1;"";
"AR2504245"; 6000;"50025";"AERECO WENTYLACJA Sp. z.o.o";"EMM707PO";"EMM  0*35 LR1-O- AG BLC AE";1728;0;1728;"17/03/2026";    1;"";
"AR2504245"; 7000;"50025";"AERECO WENTYLACJA Sp. z.o.o";"EMM716PO";"EMM  0*35 LR1-O- -- BLC AE";2160;0;2160;"17/03/2026";    1;"";
"AR2504245"; 8000;"50025";"AERECO WENTYLACJA Sp. z.o.o";"EAR201PO";"EAR  0*35 LOB SS -- BLC AE";648;0;648;"17/03/2026";    1;"";
"AR2504245"; 9000;"50025";"AERECO WENTYLACJA Sp. z.o.o";"11016310";"MR MODULO D125/5IN 100-190M3/6";576;0;576;"17/03/2026";    1;"";
"AR2504245";10000;"50025";"AERECO WENTYLACJA Sp. z.o.o";"VBP2173PO";"VBP2 VFIXE D200/240 12V";90;0;90;"17/03/2026";    1;"";
"AR2601234"; 1000;"80001";"ALDES ";"11019114";"BAP'SI ELEC D2 TEMPO SANS FUT";1;0;1;"17/03/2026";    1;"";
"AR2601236"; 2000;"80001";"ALDES ";"11019422";"S/E REGUL.45 BAPCOLOR";30;0;30;"17/03/2026";    1;"";
"AR2601135"; 1000;"93702";"KROBATH PROTECH GmbH";"EHP1875GM";"EHP 03 35 LOB - - J - BLC AE ";240;0;240;"17/03/2026";    1;"";
"AR2600583"; 1000;"93702";"KROBATH PROTECH GmbH";"BXC1891EX";"BXCD12----70 -- INT - 20 100AE";96;0;96;"17/03/2026";    1;"";
"AR2600583"; 2000;"93702";"KROBATH PROTECH GmbH";"BXC1901EX";"BXCD1270--70 R0 INT - 20 100AE";48;0;48;"17/03/2026";    1;"";
"AR2600206"; 1000;"50025";"AERECO WENTYLACJA Sp. z.o.o";"11819091";"BAT.125.2 (Aereco)";720;0;720;"17/03/2026";    1;"";
"AR2601038"; 1000;"96001";"PARTN-AIR SA";"BXC1893EX";"BXCD1245---- R0 --- - -- 100AE";288;0;288;"17/03/2026";    1;"";
"AR2600890"; 1000;"50025";"AERECO WENTYLACJA Sp. z.o.o";"11819091";"BAT.125.2 (Aereco)";720;0;720;"17/03/2026";    1;"";
"AR2601238"; 1000;"80001";"ALDES ";"11019147";"BAPCOLOR 45-120 D116 BLC/WHI";20;0;20;"17/03/2026";    1;"";
"AR2601107"; 2000;"96001";"PARTN-AIR SA";"EAF309EX";"EAR -- 33---- SS -- BLC AE";40;0;40;"17/03/2026";    1;"";
"AR2601107"; 1000;"96001";"PARTN-AIR SA";"EAR200EX";"EAR  0*35 L-- SS -- BLC AE";80;0;80;"17/03/2026";    1;"";
"AR2601059"; 1000;"96001";"PARTN-AIR SA";"CAL1228EX";"ALIM PILE 230VAC / 3.3VDC BXC";50;0;50;"17/03/2026";    1;"";
"AR2601030"; 1000;"93702";"KROBATH PROTECH GmbH";"V4A2164EX";"V4A2 230V PREMIUM";10;0;10;"17/03/2026";    1;"";
"AR2600805"; 1000;"80001";"ALDES ";"EHC1424AL";"EHP 04 31 R-- - - - - BLF AL";540;0;540;"17/03/2026";    5;"F426-06717";
"AR2601051"; 1000;"96001";"PARTN-AIR SA";"CAL1228EX";"ALIM PILE 230VAC / 3.3VDC BXC";100;0;100;"17/03/2026";    1;"";
"AR2600674"; 1000;"96001";"PARTN-AIR SA";"BXE2073EX";"BXCC1270--70 R0 INT - 20 100AE";15;0;15;"17/03/2026";    1;"";
"AR2601110"; 7000;"93702";"KROBATH PROTECH GmbH";"BFX2119EX";"BXCDFIXE--50 -- --- - -- APPAE";48;0;48;"17/03/2026";    1;"";
"AR2601020"; 1000;"50004";"AERECO GmbH";"AEA1151XX";"TRAVERSEE FENETRE EAR";2160;0;2160;"18/03/2026";    1;"";
"AR2601020"; 2000;"50004";"AERECO GmbH";"AEA1152XX";"TRAVERSEE RALLONGE EAR";1080;0;1080;"18/03/2026";    1;"";
"AR2600914"; 1000;"50004";"AERECO GmbH";"EHP1875GM";"EHP 03 35 LOB - - J - BLC AE ";2160;0;2160;"18/03/2026";    1;"";
"AR2503927"; 1000;"80001";"ALDES ";"11033694";"KIT OPT BDH BAIN CELLIER D80";48;0;48;"18/03/2026";    5;"F426-06234";
"AR2503929"; 1000;"80001";"ALDES ";"11033693";"KIT OPT BDH WC PRES D80";48;0;48;"18/03/2026";    5;"F426-06235";
"AR2503930"; 1000;"80001";"ALDES ";"11033692";"KIT OPT BDH PUSH CUISINE D125";48;0;48;"18/03/2026";    5;"F426-06236";
"AR2503931"; 1000;"80001";"ALDES ";"11033690";"KIT OPT BDH BAIN/WC F1-F5 D80";48;0;48;"18/03/2026";    5;"F426-06237";
"AR2503932"; 1000;"80001";"ALDES ";"11033691";"KIT OPT BDH BAIN/WC F6-F7 D80";48;0;48;"18/03/2026";    5;"F426-06238";
"AR2600970"; 1000;"50004";"AERECO GmbH";"BFX1931GM";"BXCDFIXE--12 -- --- - -- 100AE";288;0;288;"18/03/2026";    1;"";
"AR2600970"; 3000;"50004";"AERECO GmbH";"AVE057EX";"VAM SAV MOTOTURBINE 230V 120Pa";20;0;20;"18/03/2026";    1;"";
"AR2600970"; 5000;"50004";"AERECO GmbH";"A5650E01";"FACE AV EHP OBT LOGO AE";80;0;80;"18/03/2026";    1;"";
"AR2600970"; 6000;"50004";"AERECO GmbH";"EHM1275GM";"EHM  3 35 L-- SS -- -- BLC AE";224;0;224;"18/03/2026";    1;"";
"AR2600538"; 1000;"50004";"AERECO GmbH";"EAR282GM";"EAR  0*35 L-- SA -- BLC AE";576;0;576;"18/03/2026";    1;"";
"AR2600538"; 2000;"50004";"AERECO GmbH";"EAR206GM";"EAR  0*35 LOB SA -- BLC AE";576;0;576;"18/03/2026";    1;"";
"AR2600538"; 3000;"50004";"AERECO GmbH";"EAR2018GM";"EAR  0*35 LOB SP -- BLC AE";1080;0;1080;"18/03/2026";    1;"";
"AR2600538"; 4000;"50004";"AERECO GmbH";"BXC1893GM";"BXCD1245---- R0 --- - -- 100AE";288;0;288;"18/03/2026";    1;"";
"AR2600538"; 5000;"50004";"AERECO GmbH";"BXC1890GM";"BXCD1260---- R0 --- - -- 100AE";288;0;288;"18/03/2026";    1;"";
"AR2503294"; 1000;"50004";"AERECO GmbH";"EHT780GM";"EHT  735 I- 1-O VI --- SV B AE";540;0;540;"18/03/2026";    1;"";
"AR2600342"; 5000;"80001";"ALDES ";"11033694";"KIT OPT BDH BAIN CELLIER D80";48;0;48;"18/03/2026";    5;"F426-06272";
"AR2600347";14000;"80001";"ALDES ";"11033692";"KIT OPT BDH PUSH CUISINE D125";48;0;48;"18/03/2026";    5;"F426-06303";
"AR2600332"; 1000;"80001";"ALDES ";"11033693";"KIT OPT BDH WC PRES D80";48;0;48;"18/03/2026";    5;"F426-06263";
"AR2600333"; 1000;"80001";"ALDES ";"11033694";"KIT OPT BDH BAIN CELLIER D80";48;0;48;"18/03/2026";    5;"F426-06264";
"AR2600809"; 6000;"80001";"ALDES ";"EFL1345AL";"EAR 162132 39DB AS BLF AL";720;0;720;"18/03/2026";    5;"F426-08797";
"AR2600705"; 1000;"50004";"AERECO GmbH";"EAR200GM";"EAR  0*35 L-- SS -- BLC AE";720;0;720;"18/03/2026";    1;"";
"AR2601108"; 1000;"50027";"AERECO LEGTECHNIKA Kft";"AEA1335EX";"EHM ENTRETOISE DEBIT ADD BLC";4;0;4;"18/03/2026";    1;"";
"AR2601108"; 2000;"50027";"AERECO LEGTECHNIKA Kft";"AEA733XX";"EMM AUVENT + GRILLE CHO";27;0;27;"18/03/2026";    1;"";
"AR2601108"; 3000;"50027";"AERECO LEGTECHNIKA Kft";"AVE057EX";"VAM SAV MOTOTURBINE 230V 120Pa";1;0;1;"18/03/2026";    1;"";
"AR2601108"; 4000;"50027";"AERECO LEGTECHNIKA Kft";"B6794";"MOUSSE AC CON Ø100 L250 ETH";36;0;36;"18/03/2026";    1;"";
"AR2601108"; 5000;"50027";"AERECO LEGTECHNIKA Kft";"EAR201EX";"EAR  0*35 LOB SS -- BLC AE";648;0;648;"18/03/2026";    1;"";
"AR2601055"; 1000;"50027";"AERECO LEGTECHNIKA Kft";"AEA301XX";"SOCLE EAR ACOUS EQ 39dB BLC AE";120;0;120;"18/03/2026";    1;"";
"AR2601055"; 2000;"50027";"AERECO LEGTECHNIKA Kft";"EFR174XX";"EFR  ---- ---- BLC AE";160;0;160;"18/03/2026";    1;"";
"AR2601237"; 1000;"80001";"ALDES ";"11011552";"KIT ELLIA22 STD BLC/WHI 42DB";2;0;2;"18/03/2026";    1;"";
"AR2600884"; 1000;"80001";"ALDES ";"11033549";"ESHKIT CPT HYGCLA BDH --------";320;0;320;"18/03/2026";    5;"F426-08860";
"AR2600885"; 1000;"80001";"ALDES ";"11033434";"ESHKIT CBL HYGMW- BDH --------";720;0;720;"18/03/2026";    5;"F426-08861";
"AR2601318"; 1000;"50004";"AERECO GmbH";"ETH1853GM";"ETH05 35 LR02 O 100---- BLC AE";15;0;15;"18/03/2026";    1;"";
"AR2601029"; 1000;"50004";"AERECO GmbH";"ADX1254GM";"KIT 2 FILTRES POUR UNIT DXR";10;0;10;"18/03/2026";    1;"";
"AR2601032"; 1000;"50004";"AERECO GmbH";"AEA1992XX";"SOCLE EAR ACOUS EQ 43dB BLC AE";35;0;35;"18/03/2026";    1;"";
"AR2601032"; 2000;"50004";"AERECO GmbH";"EHM1276GM";"EHM  3 35 LOB SS -- -- BLC AE";56;0;56;"18/03/2026";    1;"";
"AR2601032"; 3000;"50004";"AERECO GmbH";"EHM1275GM";"EHM  3 35 L-- SS -- -- BLC AE";224;0;224;"18/03/2026";    1;"";
"AR2601032"; 4000;"50004";"AERECO GmbH";"EHP1219GM";"EHP 03 35 L-- - - - - BLC AE ";300;0;300;"18/03/2026";    1;"";
"AR2601032"; 5000;"50004";"AERECO GmbH";"EHP1198GM";"EHP 03 35 LOB - - - - BLC AE ";300;0;300;"18/03/2026";    1;"";
"AR2601032"; 6000;"50004";"AERECO GmbH";"ETH2104GM";"ETH05 35 LR02 O 125---- BLC AE";450;0;450;"18/03/2026";    1;"";
"AR2601032"; 7000;"50004";"AERECO GmbH";"EAR200GM";"EAR  0*35 L-- SS -- BLC AE";720;0;720;"18/03/2026";    1;"";
"AR2601032"; 8000;"50004";"AERECO GmbH";"EHP1875GM";"EHP 03 35 LOB - - J - BLC AE ";1080;0;1080;"18/03/2026";    1;"";
"AR2601032"; 9000;"50004";"AERECO GmbH";"AEA731XX";"EMM AUVENT + GRILLE BLC";1809;0;1809;"18/03/2026";    1;"";
"AR2600863"; 1000;"80001";"ALDES ";"11026032";"ESHKIT CBL AUTO-- BIP --------";960;480;480;"18/03/2026";    5;"F426-08847";
"AR2600864"; 1000;"80001";"ALDES ";"11026031";"ESHGPE CBL AUTO-- --- --------";216;0;216;"18/03/2026";    5;"F426-08848";
"AR2600866"; 1000;"80001";"ALDES ";"11026052";"ESHKIT CPT DHU--  COL -------";192;0;192;"18/03/2026";    5;"F426-08849";
"AR2600868"; 1000;"80001";"ALDES ";"11035403";"ESHKIT CBL AUTO-- BIP GP------";336;0;336;"18/03/2026";    5;"F426-08851";
"AR2600869"; 1000;"80001";"ALDES ";"11035401";"ESHKIT CPT AUTO-- BIP GP------";352;0;352;"18/03/2026";    5;"F426-08852";
"AR2600389"; 1000;"50004";"AERECO GmbH";"AEA453XX";"EAR KIT OBT";300;0;300;"18/03/2026";    1;"";
"AR2600389"; 2000;"50004";"AERECO GmbH";"AEA851XX";"AUVENT ACOUS EHA + GRILLE BLC";600;0;600;"18/03/2026";    1;"";
"AR2600389"; 3000;"50004";"AERECO GmbH";"BXC1924GM";"BXCD1245--45 R0 PDL - 20 100AE";288;0;288;"18/03/2026";    1;"";
"AR2601136"; 1000;"50004";"AERECO GmbH";"EHM1275GM";"EHM  3 35 L-- SS -- -- BLC AE";112;0;112;"18/03/2026";    1;"";
"AR2601136"; 2000;"50004";"AERECO GmbH";"AEA317XX";"ADAPTATEUR + JOINT D125 BXC";156;0;156;"18/03/2026";    1;"";
"AR2601307"; 1000;"80001";"ALDES ";"11027589";"GUIDE LUMIER INSPIRAIR SIDE V2";262;0;262;"18/03/2026";    5;"F426-08984";
"AR2600872"; 1000;"50027";"AERECO LEGTECHNIKA Kft";"BXC1903EX";"BXCD1270--70 R0 PDL - 20 100AE";48;0;48;"18/03/2026";    1;"";
"AR2601248"; 1000;"80001";"ALDES ";"11016230";"MR MONO D80 35M3/21CFM";30;0;30;"18/03/2026";    1;"";
"AR2601249"; 1000;"80001";"ALDES ";"11016301";"MR MONO D250/10IN 350M3/206CFM";2;0;2;"18/03/2026";    1;"";
"AR2600874"; 1000;"80001";"ALDES ";"11035404";"ESHKIT CPT HYGCLA BDH GP------";704;0;704;"18/03/2026";    5;"F426-08853";
"AR2600877"; 1000;"80001";"ALDES ";"11033050";"ESHGPE CPT HYGMW- BAH --------";256;0;256;"18/03/2026";    5;"F426-08855";
"AR2600879"; 1000;"80001";"ALDES ";"11035405";"ESHKIT CPT HYGMW- BDH GP------";336;0;336;"18/03/2026";    5;"F426-08856";
"AR2600882"; 1000;"80001";"ALDES ";"11035406";"ESHKIT CBL HYGCLA BDH GP------";336;0;336;"18/03/2026";    5;"F426-08858";
"AR2600883"; 1000;"80001";"ALDES ";"11033531";"ESHKIT CBL HYGCLA BDH --------";560;0;560;"18/03/2026";    5;"F426-08859";
"AR2601066"; 1000;"80001";"ALDES ";"DP2374";"SAV KIT 1 CHAPEAU VB4 C4";2;0;2;"18/03/2026";    5;"";
"AR2600817"; 1000;"50004";"AERECO GmbH";"BXC1910EX";"BXCD1270---- R0 --- - -- APPAE";288;0;288;"18/03/2026";    1;"";
"AR2600584"; 1000;"50027";"AERECO LEGTECHNIKA Kft";"BXC1903EX";"BXCD1270--70 R0 PDL - 20 100AE";24;0;24;"18/03/2026";    1;"";
"AR2600585"; 1000;"50004";"AERECO GmbH";"BXC1901GM";"BXCD1270--70 R0 INT - 20 100AE";288;0;288;"18/03/2026";    1;"";
"AR2600585"; 2000;"50004";"AERECO GmbH";"BXC1913EX";"BXCD1270--70 R0 PDL - 20 APPAE";24;0;24;"18/03/2026";    1;"";
"AR2600585"; 3000;"50004";"AERECO GmbH";"BXC1891EX";"BXCD12----70 -- INT - 20 100AE";48;0;48;"18/03/2026";    1;"";
"AR2600781"; 4000;"80001";"ALDES ";"EBH1358AL";"EHM  4 31 R-- SS -- -- GRI AL";448;0;448;"19/03/2026";    5;"F426-07763";
"AR2600809";32000;"80001";"ALDES ";"11019092";"BAP'SI D1-MODULO D125 NF";480;0;480;"19/03/2026";    5;"F426-07534";
"AR2600781"; 7000;"80001";"ALDES ";"CAL195AL";"ALIM FMPILE 12VAC/8VDC BDC/BDS";100;0;100;"19/03/2026";    5;"F426-08715";
"AR2600781";11000;"80001";"ALDES ";"11033694";"KIT OPT BDH BAIN CELLIER D80";48;0;48;"19/03/2026";    5;"F426-08716";
"AR2600781";12000;"80001";"ALDES ";"GRO272AL";"GRILLE TYPE G0 ALD";260;0;260;"19/03/2026";    5;"F426-08717";
"AR2600806"; 1000;"80001";"ALDES ";"11011508";"ELLIA 30 - BLC/WHI";180;0;180;"19/03/2026";    5;"F426-08776";
"AR2600806"; 2000;"80001";"ALDES ";"11011531";"KIT MOD.ENCASTRE - BLC/WHI";150;0;150;"19/03/2026";    5;"F426-08777";
"AR2600806"; 6000;"80001";"ALDES ";"EHL1389AL";"EAR  4-31 R-- - SA AS BLF AL";2520;0;2520;"19/03/2026";    5;"F426-08778";
"AR2600806"; 7000;"80001";"ALDES ";"11016238";"MR MONO D100/4IN 30M3/18CFM";80;0;80;"19/03/2026";    5;"F426-08779";
"AR2600806"; 8000;"80001";"ALDES ";"11016258";"MR MONO D125/5IN 70M3/41CFM";96;0;96;"19/03/2026";    5;"F426-08780";
"AR2600806"; 9000;"80001";"ALDES ";"11016266";"MR MONO D125/5IN 110M3/65CFM";48;0;48;"19/03/2026";    5;"F426-08781";
"AR2600806";10000;"80001";"ALDES ";"11016268";"MR MONO D125/5IN 120M3/71CFM";192;0;192;"19/03/2026";    5;"F426-08782";
"AR2600806";11000;"80001";"ALDES ";"11016298";"MR MONO D200/8IN 350M3/206CFM";180;0;180;"19/03/2026";    5;"F426-08783";
"AR2600806";12000;"80001";"ALDES ";"11016307";"MR MODULO D80 20-60M3/12-35,5C";2304;0;2304;"19/03/2026";    5;"F426-08784";
"AR2600806";13000;"80001";"ALDES ";"11016309";"MR MODULO D125/5IN 15-85M3/10-";720;0;720;"19/03/2026";    5;"F426-08785";
"AR2600806";14000;"80001";"ALDES ";"11016312";"MR MODULO D160/6IN 100-240M3/6";300;0;300;"19/03/2026";    5;"F426-08786";
"AR2600806";16000;"80001";"ALDES ";"11018044";"S/E REGUL.BAZ 45/135";12;0;12;"19/03/2026";    5;"F426-06734";
"AR2600806";17000;"80001";"ALDES ";"11018137";"BAZMOTUS 30/90 23KW D125/D125";105;0;105;"19/03/2026";    5;"F426-06735";
"AR2600806";19000;"80001";"ALDES ";"11019005";"BAP'SI 45 D125";240;0;240;"19/03/2026";    5;"F426-07493";
"AR2600806";21000;"80001";"ALDES ";"11019019";"BAP'SI 30/90 SS FUT";240;0;240;"19/03/2026";    5;"F426-07495";
"AR2600806";22000;"80001";"ALDES ";"11019090";"BAP'SI S1-MODULO D125 NF";480;0;480;"19/03/2026";    5;"F426-07496";
"AR2600806";23000;"80001";"ALDES ";"11019093";"BAP'SI D2-MODULO D125 NF";240;0;240;"19/03/2026";    5;"F426-07497";
"AR2600355"; 5000;"80001";"ALDES ";"GBP479AE";"BHM15 -- --- ------ -- APP AE";64;0;64;"19/03/2026";    5;"F426-07745";
"AR2600809";27000;"80001";"ALDES ";"11019013";"BAP'SI 30/90 D125 NF";240;0;240;"19/03/2026";    5;"F426-07529";
"AR2600781"; 6000;"80001";"ALDES ";"AEA1944AL";"GRILLE ANTI-INSECTE PLAST ETH";168;0;168;"19/03/2026";    5;"F426-07765";
"AR2601281"; 1000;"80001";"ALDES ";"11033033";"ESHGPE CBL HYGMW- BAH --------";108;0;108;"20/03/2026";    5;"F426-08958";
"AR2601335"; 1000;"80001";"ALDES ";"11018136";"BAZMOTUS 20/105 23KW D125/D125";1;0;1;"20/03/2026";    1;"";
"AR2601292"; 1000;"80001";"ALDES ";"BDH2225AL";"BDH1545 --- R07--- --- N 125AL";384;0;384;"20/03/2026";    5;"F426-08969";
"AR2601293"; 1000;"80001";"ALDES ";"BDH2238AL";"BDH1040 -30 R16PNE -30 - APPAL";384;0;384;"20/03/2026";    5;"F426-08970";
"AR2601355"; 1000;"90006";"ALDES Venticontrol S.A.";"BDC1694AL";"BDC20 60 --- R19--- -- P 125AL";432;0;432;"20/03/2026";    1;"";
"AR2601356"; 1000;"90006";"ALDES Venticontrol S.A.";"BDS458AL";"BDS 0545 -- R02 --- --  80 AL";1008;0;1008;"20/03/2026";    1;"";
"AR2601263"; 1000;"80001";"ALDES ";"11186150";"VERIN THERMIQUE 220-240V";5;0;5;"20/03/2026";    1;"";
"AR2601264"; 1000;"80001";"ALDES ";"11016283";"MR MONO D160 140M3/82CFM";2;0;2;"20/03/2026";    1;"";
"AR2601264"; 2000;"80001";"ALDES ";"11016288";"MR MONO D160 190M3/112CFM";4;0;4;"20/03/2026";    1;"";
"AR2601309"; 2000;"80001";"ALDES ";"11018176";"BAZMOTUS 45/135 23KW D116/D125";1;0;1;"20/03/2026";    1;"";
"AR2601310"; 1000;"80001";"ALDES ";"11016061";"RPM D200 230V";1;0;1;"20/03/2026";    1;"";
"AR2601177"; 1000;"80001";"ALDES ";"11033682";"KIT BDH BAIN/WC F6-F7 D80";60;0;60;"20/03/2026";    5;"F426-08878";
"AR2601313"; 1000;"80001";"ALDES ";"11011552";"KIT ELLIA22 STD BLC/WHI 42DB";2;0;2;"20/03/2026";    1;"";
"AR2601314"; 1000;"80001";"ALDES ";"11016269";"MR MONO D125/5IN 125M3/74CFM";1;0;1;"20/03/2026";    1;"";
"AR2601315"; 1000;"80001";"ALDES ";"11018135";"BAZMOTUS 20/75 17KW D125/D125";1;0;1;"20/03/2026";    1;"";
"AR2601316"; 1000;"80001";"ALDES ";"11018176";"BAZMOTUS 45/135 23KW D116/D125";30;0;30;"20/03/2026";    1;"";
"AR2601317"; 1000;"80001";"ALDES ";"11019114";"BAP'SI ELEC D2 TEMPO SANS FUT";5;0;5;"20/03/2026";    1;"";
"AR2601326"; 1000;"80001";"ALDES ";"11019152";"BAPCOLOR 30-90 D100 BLC/WHI";3;0;3;"20/03/2026";    1;"";
"AR2601225"; 2000;"80001";"ALDES ";"EHM1256AE";"EHM 11 35 L-- SS -- -- BLC AE ";280;0;280;"20/03/2026";    5;"F426-06989";
"AR2601225"; 3000;"80001";"ALDES ";"AEA1217AE";"TRAVERSEE MANCHON EHP";144;0;144;"20/03/2026";    5;"F426-08322";
"AR2601309"; 1000;"80001";"ALDES ";"11018172";"BAZMOTUS 20/105 23KW D116/D125";1;0;1;"20/03/2026";    1;"";
"AR2601332"; 1000;"80001";"ALDES ";"11019421";"S/E REGUL.15+30 BAPCOLOR";2;0;2;"20/03/2026";    1;"";
"AR2601334"; 1000;"80001";"ALDES ";"11019146";"BAPCOLOR 45-105 D116 BLC/WHI";1;0;1;"20/03/2026";    1;"";
"AR2601286"; 1000;"80001";"ALDES ";"11033518";"ESHPIE CBL HYGMP- BDH --------";48;0;48;"20/03/2026";    5;"F426-08963";
"AR2601270"; 1000;"80001";"ALDES ";"11035402";"ESHKIT CPT AUTO-- COL GP------";352;0;352;"23/03/2026";    5;"F426-08953";
"AR2601333"; 2000;"80001";"ALDES ";"11019411";"GRILLE BLC/WHI BAPCOLOR";25;0;25;"23/03/2026";    1;"";
"AR2601101"; 1000;"80001";"ALDES ";"11018598";"S/E REGUL. BAP 15/30 M3 PS BLC";960;0;960;"23/03/2026";    5;"F426-08587";
"AR2600807"; 1000;"80001";"ALDES ";"11016289";"MR MONO D160 200M3/118CFM";112;0;112;"23/03/2026";    5;"F426-08788";
"AR2600807"; 2000;"80001";"ALDES ";"11019004";"BAP'SI 30 D125";960;0;960;"23/03/2026";    5;"F426-08789";
"AR2600807"; 3000;"80001";"ALDES ";"11019014";"BAP'SI 45/105 D125 NF";240;0;240;"23/03/2026";    5;"F426-08790";
"AR2601337"; 1000;"80001";"ALDES ";"11016257";"MR MONO D125/5IN 65M3/38CFM";2;0;2;"23/03/2026";    1;"";
"AR2601338"; 1000;"80001";"ALDES ";"11016283";"MR MONO D160 140M3/82CFM";6;0;6;"23/03/2026";    1;"";
"AR2601339"; 1000;"80001";"ALDES ";"11016283";"MR MONO D160 140M3/82CFM";36;0;36;"23/03/2026";    1;"";
"AR2601339"; 2000;"80001";"ALDES ";"11016265";"MR MONO D125/5IN 105M3/62CFM";4;0;4;"23/03/2026";    1;"";
"AR2601339"; 3000;"80001";"ALDES ";"11016288";"MR MONO D160 190M3/112CFM";2;0;2;"23/03/2026";    1;"";
"AR2601340"; 1000;"80001";"ALDES ";"11186149";"VERIN THERMIQUE 12-24V";5;0;5;"23/03/2026";    1;"";
"AR2601341"; 1000;"80001";"ALDES ";"11016269";"MR MONO D125/5IN 125M3/74CFM";2;0;2;"23/03/2026";    1;"";
"AR2600867"; 1000;"80001";"ALDES ";"11026036";"ESHKIT CPT AUTO-- COL --------";160;0;160;"23/03/2026";    5;"F426-08850";
"AR2601226"; 1000;"80001";"ALDES ";"11016308";"MR MODULO D100/4IN 20-90M3/12,";1200;0;1200;"23/03/2026";    5;"F426-08908";
"AR2601227"; 4000;"80001";"ALDES ";"11019131";"BAPCOLOR 30 D125 BLC/WHI";520;0;520;"23/03/2026";    5;"F426-08911";
"AR2600833"; 1000;"80001";"ALDES ";"G2H1941AE";"G2H12-60 125 R7 PNE - 20 APPAE";360;0;360;"23/03/2026";    5;"F426-08829";
"AR2600836"; 1000;"80001";"ALDES ";"A680";"PLAQUE OBTURATION 180x280mm";1136;0;1136;"23/03/2026";    5;"";
"AR2601333"; 1000;"80001";"ALDES ";"11019114";"BAP'SI ELEC D2 TEMPO SANS FUT";23;0;23;"23/03/2026";    1;"";
"AR2601271"; 1000;"80001";"ALDES ";"11035401";"ESHKIT CPT AUTO-- BIP GP------";176;0;176;"23/03/2026";    5;"F426-08954";
"AR2600808"; 1000;"80001";"ALDES ";"11019006";"BAP'SI 60 D125";480;0;480;"24/03/2026";    5;"F426-08791";
"AR2601208"; 1000;"80001";"ALDES ";"11019149";"BAPCOLOR 15 D100 BLC/WHI";15;0;15;"24/03/2026";    1;"";
"AR2601267"; 1000;"80001";"ALDES ";"11026032";"ESHKIT CBL AUTO-- BIP --------";480;0;480;"24/03/2026";    5;"F426-08950";
"AR2601269"; 1000;"80001";"ALDES ";"11026033";"ESHKIT CBL AUTO-- COL --------";288;0;288;"24/03/2026";    5;"F426-08952";
"AR2601283"; 1000;"80001";"ALDES ";"11033426";"ESHKIT CPT HYGHP- BDH --------";256;0;256;"24/03/2026";    5;"F426-08960";
"AR2601354"; 1000;"96001";"PARTN-AIR SA";"B6794";"MOUSSE AC CON Ø100 L250 ETH";36;0;36;"24/03/2026";    1;"";
"AR2601183"; 1000;"96001";"PARTN-AIR SA";"EAR2300EX";"EAR 4-32 L-- SS -- BLC AE";216;0;216;"24/03/2026";    1;"";
"AR2601364"; 1000;"80001";"ALDES ";"11019142";"BAPCOLOR 15 D116 BLC/WHI";39;0;39;"24/03/2026";    1;"";
"AR2601365"; 1000;"80001";"ALDES ";"11016269";"MR MONO D125/5IN 125M3/74CFM";15;0;15;"24/03/2026";    1;"";
"AR2601366"; 1000;"80001";"ALDES ";"11016261";"MR MONO D125/5IN 85M3/50CFM";2;0;2;"24/03/2026";    1;"";
"AR2601366"; 2000;"80001";"ALDES ";"11016286";"MR MONO D160 170M3/100CFM";2;0;2;"24/03/2026";    1;"";
"AR2601366"; 3000;"80001";"ALDES ";"11016297";"MR MONO D200/8IN 325M3/191CFM";1;0;1;"24/03/2026";    1;"";
"AR2600939"; 1000;"80001";"ALDES ";"BDH2234AL";"BDH1040 -30 R15PRE B30 - -80AL";384;0;384;"24/03/2026";    5;"F426-08863";
"AR2601106"; 1000;"96001";"PARTN-AIR SA";"EAR282EX";"EAR  0*35 L-- SA -- BLC AE";320;0;320;"24/03/2026";    1;"";
"AR2601361"; 1000;"80001";"ALDES ";"11019149";"BAPCOLOR 15 D100 BLC/WHI";1;0;1;"24/03/2026";    1;"";
"AR2601361"; 2000;"80001";"ALDES ";"11019151";"BAPCOLOR 20-75 D100 BLC/WHI";1;0;1;"24/03/2026";    1;"";
"AR2601362"; 1000;"80001";"ALDES ";"11019411";"GRILLE BLC/WHI BAPCOLOR";1;0;1;"24/03/2026";    1;"";
"AR2601363"; 1000;"80001";"ALDES ";"11016257";"MR MONO D125/5IN 65M3/38CFM";2;0;2;"24/03/2026";    1;"";
"AR2601130"; 1000;"96001";"PARTN-AIR SA";"BXC1890EX";"BXCD1260---- R0 --- - -- 100AE";288;0;288;"24/03/2026";    1;"";
"AR2601133"; 1000;"96001";"PARTN-AIR SA";"ETH1984EX";"ETH05 35 LR02 O 100-AAD BLC AE";15;12;3;"24/03/2026";    1;"";
"AR2601134"; 1000;"96001";"PARTN-AIR SA";"BXE2077EX";"BXCC1245---- R0 --- - -- 100AE";90;0;90;"24/03/2026";    1;"";
"AR2601261"; 1000;"80001";"ALDES ";"11019411";"GRILLE BLC/WHI BAPCOLOR";20;0;20;"24/03/2026";    1;"";
"AR2601153"; 1000;"96001";"PARTN-AIR SA";"AVE056XX";"PIQUAGE Ø100 V4A";20;0;20;"24/03/2026";    1;"";
"AR2601262"; 1000;"80001";"ALDES ";"11019149";"BAPCOLOR 15 D100 BLC/WHI";100;0;100;"24/03/2026";    1;"";
"AR2601187"; 1000;"80001";"ALDES ";"11019411";"GRILLE BLC/WHI BAPCOLOR";25;0;25;"24/03/2026";    1;"";
"AR2504246"; 1000;"50025";"AERECO WENTYLACJA Sp. z.o.o";"AEA731XX";"EMM AUVENT + GRILLE BLC";1809;0;1809;"24/03/2026";    1;"";
"AR2504246"; 2000;"50025";"AERECO WENTYLACJA Sp. z.o.o";"AEA1243XX";"EMM AUVENT ACOUS+GRILLE IN GRA";1440;0;1440;"24/03/2026";    1;"";
"AR2504246"; 3000;"50025";"AERECO WENTYLACJA Sp. z.o.o";"AEA775XX";"EHT AUV Ø100 AE";440;0;440;"24/03/2026";    1;"";
"AR2504246"; 4000;"50025";"AERECO WENTYLACJA Sp. z.o.o";"11819091";"BAT.125.2 (Aereco)";720;0;720;"24/03/2026";    1;"";
"AR2504246"; 5000;"50025";"AERECO WENTYLACJA Sp. z.o.o";"BXC1907EX";"BXCD1270---- R0 --- - -- 125AE";1152;0;1152;"24/03/2026";    1;"";
"AR2504246"; 6000;"50025";"AERECO WENTYLACJA Sp. z.o.o";"EHT780PO";"EHT  735 I- 1-O VI --- SV B AE";720;0;720;"24/03/2026";    1;"";
"AR2504246"; 7000;"50025";"AERECO WENTYLACJA Sp. z.o.o";"EMM707PO";"EMM  0*35 LR1-O- AG BLC AE";1728;0;1728;"24/03/2026";    1;"";
"AR2504246"; 8000;"50025";"AERECO WENTYLACJA Sp. z.o.o";"EMM716PO";"EMM  0*35 LR1-O- -- BLC AE";2160;0;2160;"24/03/2026";    1;"";
"AR2504246"; 9000;"50025";"AERECO WENTYLACJA Sp. z.o.o";"EAR201PO";"EAR  0*35 LOB SS -- BLC AE";648;0;648;"24/03/2026";    1;"";
"AR2504246";10000;"50025";"AERECO WENTYLACJA Sp. z.o.o";"EAR206PO";"EAR  0*35 LOB SA -- BLC AE";720;0;720;"24/03/2026";    1;"";
"AR2601236"; 1000;"80001";"ALDES ";"11019411";"GRILLE BLC/WHI BAPCOLOR";10;0;10;"24/03/2026";    1;"";
"AR2601347"; 1000;"80001";"ALDES ";"11016306";"MR MONO D250/10IN 650M3/383CFM";2;0;2;"24/03/2026";    1;"";
"AR2601217"; 1000;"80001";"ALDES ";"GBP1809AE";"BHM10 40 --- R10--- -- APP AE";128;0;128;"24/03/2026";    5;"F426-08291";
"AR2601247"; 1000;"80001";"ALDES ";"11019149";"BAPCOLOR 15 D100 BLC/WHI";30;0;30;"24/03/2026";    1;"";
"AR2601227"; 1000;"80001";"ALDES ";"11011116";"REGUL.MOD.ENCAST. BLC/WHI";150;0;150;"24/03/2026";    5;"F426-08909";
"AR2601227"; 2000;"80001";"ALDES ";"BDH2239AL";"BDH1040 -30 R16PNE -30 - 125AL";384;0;384;"24/03/2026";    5;"F426-08910";
"AR2601227"; 3000;"80001";"ALDES ";"B3F1199AL";"B3F MOTORISATION VANNE";240;0;240;"24/03/2026";    5;"F426-07661";
"AR2601227"; 5000;"80001";"ALDES ";"11019243";"BAPCOLOR 45 D100 GRI/GRY";65;0;65;"24/03/2026";    5;"F426-08912";
"AR2601227"; 7000;"80001";"ALDES ";"11033385";"ESHKIT CPT SENSAI COL --------";32;0;32;"24/03/2026";    5;"F426-07665";
"AR2601039"; 1000;"96001";"PARTN-AIR SA";"BXC1893EX";"BXCD1245---- R0 --- - -- 100AE";288;0;288;"24/03/2026";    1;"";
"AR2600888"; 1000;"50025";"AERECO WENTYLACJA Sp. z.o.o";"11016310";"MR MODULO D125/5IN 100-190M3/6";1728;0;1728;"24/03/2026";    1;"";
"AR2600207"; 1000;"50025";"AERECO WENTYLACJA Sp. z.o.o";"AEA1241XX";"EMM AUVENT + GRILLE GRA";1809;0;1809;"24/03/2026";    1;"";
"AR2600207"; 2000;"50025";"AERECO WENTYLACJA Sp. z.o.o";"AEA731XX";"EMM AUVENT + GRILLE BLC";3618;0;3618;"24/03/2026";    1;"";
"AR2600207"; 3000;"50025";"AERECO WENTYLACJA Sp. z.o.o";"BXC1907EX";"BXCD1270---- R0 --- - -- 125AE";1152;0;1152;"24/03/2026";    1;"";
"AR2601048"; 1000;"96001";"PARTN-AIR SA";"V4A2164EX";"V4A2 230V PREMIUM";5;0;5;"24/03/2026";    1;"";
"AR2600897"; 1000;"50025";"AERECO WENTYLACJA Sp. z.o.o";"11011516";"ELLIA O MODULE - BLC/WHI";460;0;460;"24/03/2026";    1;"";
"AR2600818"; 1000;"50004";"AERECO GmbH";"BXC1923GM";"BXCD1245--45 R0 INT - 20 100AE";24;0;24;"24/03/2026";    1;"";
"AR2601280"; 1000;"80001";"ALDES ";"11033030";"ESHGPE CBL HYGCLA BAH --------";108;0;108;"24/03/2026";    5;"F426-08957";
"AR2600851"; 2000;"80001";"ALDES ";"BDH2228AL";"BDH0535 -30 ---PNE -30 - 125AL";768;0;768;"25/03/2026";    5;"F426-08837";
"AR2600851"; 3000;"80001";"ALDES ";"BDH2212AL";"BDH0535 -30 ---PRE B30 - 125AL";768;0;768;"25/03/2026";    5;"F426-08838";
"AR2600851"; 4000;"80001";"ALDES ";"BDH2187AL";"BDH1555 135 R01PNE -30 N 125AL";384;0;384;"25/03/2026";    5;"F426-08839";
"AR2600851"; 5000;"80001";"ALDES ";"BDH2251AL";"BDH1555 135 R01INT B30 N 125AL";384;0;384;"25/03/2026";    5;"F426-08840";
"AR2600851"; 6000;"80001";"ALDES ";"BDH2254AL";"BDH1050 -75 R03PNE -30 N 125AL";384;0;384;"25/03/2026";    5;"F426-08841";
"AR2600851"; 7000;"80001";"ALDES ";"BDH2271AL";"BDH1050 -90 R03PNE -30 N 125AL";768;0;768;"25/03/2026";    5;"F426-08842";
"AR2600851"; 8000;"80001";"ALDES ";"BDH2283AL";"BDH1555 135 R30PNE -30 N 125AL";384;0;384;"25/03/2026";    5;"F426-08843";
"AR2600851"; 9000;"80001";"ALDES ";"BDH2223AL";"BDH1040 --- R18--- --- - 125AL";384;0;384;"25/03/2026";    5;"F426-08844";
"AR2600806";20000;"80001";"ALDES ";"11019015";"BAP'SI 45/120 D125";480;0;480;"25/03/2026";    5;"F426-08787";
"AR2601266"; 1000;"80001";"ALDES ";"11026031";"ESHGPE CBL AUTO-- --- --------";108;0;108;"25/03/2026";    5;"F426-08949";
"AR2601158"; 1000;"50004";"AERECO GmbH";"AVE052EX";"V2A KIT SAV MOTOTURB 230V 80Pa";5;0;5;"25/03/2026";    1;"";
"AR2601278"; 1000;"80001";"ALDES ";"11035403";"ESHKIT CBL AUTO-- BIP GP------";504;0;504;"25/03/2026";    5;"F426-08955";
"AR2601279"; 1000;"80001";"ALDES ";"11026050";"ESHKIT CBL DHU-- COL -------";72;0;72;"25/03/2026";    5;"F426-08956";
"AR2601282"; 1000;"80001";"ALDES ";"11033421";"ESHKIT CBL HYGHP- BDH --------";432;0;432;"25/03/2026";    5;"F426-08959";
"AR2601285"; 1000;"80001";"ALDES ";"11033451";"ESHKIT CPT HYGMW- BDH --------";336;0;336;"25/03/2026";    5;"F426-08962";
"AR2601021"; 1000;"50004";"AERECO GmbH";"AEA1151XX";"TRAVERSEE FENETRE EAR";3240;0;3240;"25/03/2026";    1;"";
"AR2601021"; 2000;"50004";"AERECO GmbH";"AEA1152XX";"TRAVERSEE RALLONGE EAR";2160;0;2160;"25/03/2026";    1;"";
"AR2601025"; 1000;"50004";"AERECO GmbH";"VAM813GM";"VAM GALV 230V 50Hz 120Pa";84;0;84;"25/03/2026";    1;"";
"AR2600915"; 1000;"50004";"AERECO GmbH";"AEA2118XX";"ETH DEFLECTEUR FERME + MOUSSE";64;0;64;"25/03/2026";    1;"";
"AR2600915"; 2000;"50004";"AERECO GmbH";"BXC1900GM";"BXCD1270---- R0 --- - -- 100AE";288;0;288;"25/03/2026";    1;"";
"AR2600915"; 3000;"50004";"AERECO GmbH";"BXE2053GM";"BXCG1260---- R0 --- - -- 100AE";60;0;60;"25/03/2026";    1;"";
"AR2600915"; 4000;"50004";"AERECO GmbH";"AEA1429XX";"TRAVERSEE FENETRE EHM";360;0;360;"25/03/2026";    1;"";
"AR2600915"; 5000;"50004";"AERECO GmbH";"K3338";"AUV GRIL GAE2A 0164 ANJOS ALU";1200;0;1200;"25/03/2026";    1;"";
"AR2600929"; 1000;"50027";"AERECO LEGTECHNIKA Kft";"EMM716HU";"EMM  0*35 LR1-O- -- BLC AE";2160;0;2160;"25/03/2026";    1;"";
"AR2600929"; 2000;"50027";"AERECO LEGTECHNIKA Kft";"EMM916HU";"EMM 11*35 LR1--- -- BLC AE";1080;0;1080;"25/03/2026";    1;"";
"AR2601190"; 1000;"50004";"AERECO GmbH";"AVE052EX";"V2A KIT SAV MOTOTURB 230V 80Pa";5;0;5;"25/03/2026";    1;"";
"AR2600539"; 1000;"50004";"AERECO GmbH";"BXC1890GM";"BXCD1260---- R0 --- - -- 100AE";288;0;288;"25/03/2026";    1;"";
"AR2601050"; 1000;"80001";"ALDES ";"A2178";"MANCHON MALE/MALE T2A PAR 2";128;0;45;"25/03/2026";    5;"";
"AR2601199"; 1000;"50027";"AERECO LEGTECHNIKA Kft";"EAR201EX";"EAR  0*35 LOB SS -- BLC AE";648;0;648;"25/03/2026";    1;"";
"AR2601199"; 2000;"50027";"AERECO LEGTECHNIKA Kft";"EAR308EX";"EAR  0*35 LOB SS -- GRF AE";36;0;36;"25/03/2026";    1;"";
"AR2600706"; 1000;"50004";"AERECO GmbH";"EAR200GM";"EAR  0*35 L-- SS -- BLC AE";720;0;720;"25/03/2026";    1;"";
"AR2600706"; 2000;"50004";"AERECO GmbH";"BXC1922GM";"BXCD1260--60 R0 INT - 20 100AE";288;0;288;"25/03/2026";    1;"";
"AR2600445"; 1000;"80001";"ALDES ";"A2183";"BOUCHON T2A PAR 2";120;0;120;"25/03/2026";    5;"";
"AR2601109"; 1000;"50027";"AERECO LEGTECHNIKA Kft";"AVE052EX";"V2A KIT SAV MOTOTURB 230V 80Pa";8;0;8;"25/03/2026";    1;"";
"AR2601109"; 2000;"50027";"AERECO LEGTECHNIKA Kft";"EAR201EX";"EAR  0*35 LOB SS -- BLC AE";648;0;648;"25/03/2026";    1;"";
"AR2600956"; 1000;"80001";"ALDES ";"GBP1810AE";"BHM12 42 --- R10--- -- APP AE";384;0;384;"25/03/2026";    5;"F426-08870";
"AR2601272"; 1000;"50004";"AERECO GmbH";"BXE1999GM";"BXCG1270---- R0 --- - -- 100AE";60;0;60;"25/03/2026";    1;"";
"AR2601065"; 1000;"50004";"AERECO GmbH";"BFX1931GM";"BXCDFIXE--12 -- --- - -- 100AE";576;0;576;"25/03/2026";    1;"";
"AR2601154"; 1000;"50027";"AERECO LEGTECHNIKA Kft";"ADX1428EX";"KIT 3 FILTRES POUR DXA";1;0;1;"25/03/2026";    1;"";
"AR2601154"; 2000;"50027";"AERECO LEGTECHNIKA Kft";"AEA317XX";"ADAPTATEUR + JOINT D125 BXC";36;0;36;"25/03/2026";    1;"";
"AR2601154"; 3000;"50027";"AERECO LEGTECHNIKA Kft";"AEA731XX";"EMM AUVENT + GRILLE BLC";99;0;99;"25/03/2026";    1;"";
"AR2601154"; 4000;"50027";"AERECO LEGTECHNIKA Kft";"EAF309HU";"EAR -- 33---- SS -- BLC AE";40;0;40;"25/03/2026";    1;"";
"AR2601154"; 5000;"50027";"AERECO LEGTECHNIKA Kft";"EAR201EX";"EAR  0*35 LOB SS -- BLC AE";1296;0;1296;"25/03/2026";    1;"";
"AR2601154"; 6000;"50027";"AERECO LEGTECHNIKA Kft";"EFR174XX";"EFR  ---- ---- BLC AE";40;0;40;"25/03/2026";    1;"";
"AR2601154"; 7000;"50027";"AERECO LEGTECHNIKA Kft";"ETH1853EX";"ETH05 35 LR02 O 100K--- BLC AE";30;0;30;"25/03/2026";    1;"";
"AR2601154"; 8000;"50027";"AERECO LEGTECHNIKA Kft";"VAM767HU";"VAM GALV 230V 50Hz 100Pa";5;0;5;"25/03/2026";    1;"";
"AR2601033"; 1000;"50004";"AERECO GmbH";"FBE1089GM";"BHM BOITE FILTRE ALU GRAND TR";264;0;264;"25/03/2026";    1;"";
"AR2601033"; 2000;"50004";"AERECO GmbH";"EAR2018GM";"EAR  0*35 LOB SP -- BLC AE";360;0;360;"25/03/2026";    1;"";
"AR2601033"; 3000;"50004";"AERECO GmbH";"EAR282GM";"EAR  0*35 L-- SA -- BLC AE";1152;0;1152;"25/03/2026";    1;"";
"AR2600586"; 1000;"50004";"AERECO GmbH";"BXC1901GM";"BXCD1270--70 R0 INT - 20 100AE";288;0;288;"25/03/2026";    1;"";
"AR2600390"; 1000;"50004";"AERECO GmbH";"A4581E01";"FACE AV EAR OBT BLC AE";192;0;192;"25/03/2026";    1;"";
"AR2600390"; 2000;"50004";"AERECO GmbH";"EHM1275GM";"EHM  3 35 L-- SS -- -- BLC AE";224;0;224;"25/03/2026";    1;"";
"AR2600390"; 3000;"50004";"AERECO GmbH";"EHP1874GM";"EHP 03 35 L-- - - J - BLC AE";1080;0;1080;"25/03/2026";    1;"";
"AR2600390"; 4000;"50004";"AERECO GmbH";"BXC1901GM";"BXCD1270--70 R0 INT - 20 100AE";288;0;288;"25/03/2026";    1;"";
"AR2601374"; 1000;"80001";"ALDES ";"11016261";"MR MONO D125/5IN 85M3/50CFM";2;0;2;"25/03/2026";    1;"";
"AR2601374"; 2000;"80001";"ALDES ";"11016274";"MR MONO D125/5IN 190M3/112CFM";1;0;1;"25/03/2026";    1;"";
"AR2601374"; 3000;"80001";"ALDES ";"11016286";"MR MONO D160 170M3/100CFM";2;0;2;"25/03/2026";    1;"";
"AR2601374"; 4000;"80001";"ALDES ";"11016297";"MR MONO D200/8IN 325M3/191CFM";13;0;13;"25/03/2026";    1;"";
"AR2601374"; 5000;"80001";"ALDES ";"11016302";"MR MONO D250/10IN 400M3/235CFM";4;0;4;"25/03/2026";    1;"";
"AR2601374"; 6000;"80001";"ALDES ";"11016306";"MR MONO D250/10IN 650M3/383CFM";1;0;1;"25/03/2026";    1;"";
"AR2601375"; 1000;"80001";"ALDES ";"11019233";"BAPCOLOR 30-90 D116 GRI/GRY";3;0;3;"25/03/2026";    1;"";
"AR2601376"; 1000;"80001";"ALDES ";"11016265";"MR MONO D125/5IN 105M3/62CFM";1;0;1;"25/03/2026";    1;"";
"AR2601376"; 2000;"80001";"ALDES ";"11016267";"MR MONO D125/5IN 115M3/68CFM";1;0;1;"25/03/2026";    1;"";
"AR2601377"; 1000;"80001";"ALDES ";"11016261";"MR MONO D125/5IN 85M3/50CFM";55;0;55;"25/03/2026";    1;"";
"AR2601377"; 2000;"80001";"ALDES ";"11016283";"MR MONO D160 140M3/82CFM";10;0;10;"25/03/2026";    1;"";
"AR2600875"; 1000;"80001";"ALDES ";"11035404";"ESHKIT CPT HYGCLA BDH GP------";1056;0;1056;"25/03/2026";    5;"F426-08854";
"AR2600837"; 1000;"80001";"ALDES ";"G2H1238AE";"G2H06-54 --- R5 --- - -- APPAE";160;0;160;"25/03/2026";    5;"F426-08831";
"AR2601132"; 1000;"50027";"AERECO LEGTECHNIKA Kft";"ETH1853EX";"ETH05 35 LR02 O 100K--- BLC AE";30;0;30;"25/03/2026";    1;"";
"AR2600843"; 1000;"80001";"ALDES ";"A2183";"BOUCHON T2A PAR 2";120;0;120;"25/03/2026";    5;"";
"AR2600818"; 2000;"50004";"AERECO GmbH";"BXC1905GM";"BXCD12----70 --PDL - 20 100AE";24;0;24;"25/03/2026";    1;"";
"AR2600821"; 1000;"50004";"AERECO GmbH";"AEA1217GM";"TRAVERSEE MANCHON EHP";720;0;720;"25/03/2026";    1;"";
"AR2600851"; 1000;"80001";"ALDES ";"BDH2230AL";"BDH0535 -30 ---PNE -30 - -80AL";384;0;384;"25/03/2026";    5;"F426-08836";
"AR2600826"; 1000;"80001";"ALDES ";"G2H1060AE";"G2H06--- -36 -- PNE - 20 APSAE";150;0;150;"26/03/2026";    5;"F426-08826";
"AR2600829"; 1000;"80001";"ALDES ";"GBP1810AE";"BHM12 42 --- R10--- -- APP AE";384;0;384;"26/03/2026";    5;"F426-08827";
"AR2600831"; 1000;"80001";"ALDES ";"GBP1811AE";"BHM15 45 --- R09--- -- APP AE";192;0;192;"26/03/2026";    5;"F426-08828";
"AR2600835"; 1000;"80001";"ALDES ";"GBP1806AE";"BHM10 40 --- R11--- -- APP AE";320;0;320;"26/03/2026";    5;"F426-08830";
"AR2601331"; 1000;"80001";"ALDES ";"BDH2281AL";"BDH1050 120 R09INT C30 N 125AL";384;0;384;"26/03/2026";    5;"F426-08990";
"AR2601329"; 1000;"80001";"ALDES ";"11033205";"ESHKIT CPT HYGMP- BDH --------";160;0;160;"26/03/2026";    5;"F426-08988";
"AR2601228"; 2000;"80001";"ALDES ";"BDH2228AL";"BDH0535 -30 ---PNE -30 - 125AL";384;0;384;"26/03/2026";    5;"F426-08914";
"AR2601228"; 3000;"80001";"ALDES ";"BDH2276AL";"BDH1050 105 R29PNE -30 N 125AL";384;0;384;"26/03/2026";    5;"F426-08915";
"AR2600782"; 1000;"80001";"ALDES ";"AEA570AL";"EHA AUVENT E42 S37 BLC";480;0;480;"26/03/2026";    5;"F426-08718";
"AR2600782"; 2000;"80001";"ALDES ";"EHL1393AL";"EAR  4-31 R-- - SS -- BRU AL";40;0;40;"26/03/2026";    5;"F426-08719";
"AR2600782"; 3000;"80001";"ALDES ";"EHL1399AL";"EAR  4-31 R-- - SA -- CHF AL";64;0;64;"26/03/2026";    5;"F426-08720";
"AR2600782"; 4000;"80001";"ALDES ";"EHL1397AL";"EAR  4-31 R-- - SA -- IVC AL";64;0;64;"26/03/2026";    5;"F426-08721";
"AR2600809"; 1000;"80001";"ALDES ";"11011171";"KIT MINI EA 30 BLC/WHI NF";60;0;60;"26/03/2026";    5;"F426-08792";
"AR2600809"; 2000;"80001";"ALDES ";"11011539";"KIT EA30 STD BLC/WHI/ 36DB NF";720;0;720;"26/03/2026";    5;"F426-08793";
"AR2600809"; 3000;"80001";"ALDES ";"11011546";"KIT EA22 STD BLC/WHI/ 37DB NF";120;0;120;"26/03/2026";    5;"F426-08794";
"AR2600809"; 4000;"80001";"ALDES ";"EHL1388AL";"EAR  4-31 R-- - SA -- BLF AL";1152;0;1152;"26/03/2026";    5;"F426-08795";
"AR2600809"; 5000;"80001";"ALDES ";"EHL1387AL";"EAR  4-31 R-- - SS AS BLF AL";1440;0;1440;"26/03/2026";    5;"F426-08796";
"AR2600809"; 7000;"80001";"ALDES ";"EBH1257AL";"EHM  4 31 R-- SS -- -- BLF AL";2016;0;2016;"26/03/2026";    5;"F426-08798";
"AR2600809"; 8000;"80001";"ALDES ";"EBH1360AL";"EHM  4 31 R-- SS AS -- BLF AL";3744;0;3744;"26/03/2026";    5;"F426-08799";
"AR2600809"; 9000;"80001";"ALDES ";"ETH1856AL";"ETH04 31 RR01 - 100---- BLF AL";225;0;225;"26/03/2026";    5;"F426-08800";
"AR2600809";10000;"80001";"ALDES ";"11016260";"MR MONO D125/5IN 80M3/47CFM";48;0;48;"26/03/2026";    5;"F426-08801";
"AR2600809";11000;"80001";"ALDES ";"11016262";"MR MONO D125/5IN 90M3/53CFM";384;0;384;"26/03/2026";    5;"F426-08802";
"AR2600809";12000;"80001";"ALDES ";"11016270";"MR MONO D125/5IN 130M3/76CFM";48;0;48;"26/03/2026";    5;"F426-08803";
"AR2600809";13000;"80001";"ALDES ";"11016284";"MR MONO D160 150M3/88CFM";112;0;112;"26/03/2026";    5;"F426-08804";
"AR2600809";14000;"80001";"ALDES ";"11016287";"MR MONO D160 180M3/106CFM";112;0;112;"26/03/2026";    5;"F426-08805";
"AR2600809";15000;"80001";"ALDES ";"11016291";"MR MONO D160 240M3/141CFM";112;0;112;"26/03/2026";    5;"F426-08806";
"AR2600809";16000;"80001";"ALDES ";"11016309";"MR MODULO D125/5IN 15-85M3/10-";720;0;720;"26/03/2026";    5;"F426-08807";
"AR2600809";17000;"80001";"ALDES ";"11016312";"MR MODULO D160/6IN 100-240M3/6";300;0;300;"26/03/2026";    5;"F426-08808";
"AR2600809";18000;"80001";"ALDES ";"11016313";"MR MODULO D200/8IN 225-400M3/1";168;0;168;"26/03/2026";    5;"F426-08809";
"AR2600809";19000;"80001";"ALDES ";"11016314";"MR MODULO D250/10IN 300-650M3/";72;0;72;"26/03/2026";    5;"F426-08810";
"AR2600809";20000;"80001";"ALDES ";"11018138";"BAZMOTUS 45/105 23KW D125/D125";60;0;60;"26/03/2026";    5;"F426-08811";
"AR2600809";21000;"80001";"ALDES ";"11018139";"BAZMOTUS 45/120 23KW D125/D125";105;0;105;"26/03/2026";    5;"F426-08812";
"AR2600809";22000;"80001";"ALDES ";"11018175";"BAZMOTUS 45/120 23KW D116/D125";105;0;105;"26/03/2026";    5;"F426-08813";
"AR2600809";23000;"80001";"ALDES ";"11019003";"BAP'SI 15 D125";480;0;480;"26/03/2026";    5;"F426-08814";
"AR2600809";24000;"80001";"ALDES ";"11019004";"BAP'SI 30 D125";480;0;480;"26/03/2026";    5;"F426-08815";
"AR2600809";25000;"80001";"ALDES ";"11019007";"BAP'SI 15 SS FUT";520;0;520;"26/03/2026";    5;"F426-08816";
"AR2600809";26000;"80001";"ALDES ";"11019008";"BAP'SI 30 SS FUT";480;0;480;"26/03/2026";    5;"F426-08817";
"AR2600809";28000;"80001";"ALDES ";"11019014";"BAP'SI 45/105 D125 NF";240;0;240;"26/03/2026";    5;"F426-08818";
"AR2600809";29000;"80001";"ALDES ";"11019016";"BAP'SI 45/135 D125 NF";80;0;80;"26/03/2026";    5;"F426-08819";
"AR2600809";30000;"80001";"ALDES ";"11019017";"BAP'SI 15/30 SS FUT";30;0;30;"26/03/2026";    5;"F426-08820";
"AR2600809";31000;"80001";"ALDES ";"11019020";"BAP'SI 45/105 SS FUT";480;0;480;"26/03/2026";    5;"F426-08821";
"AR2600809";33000;"80001";"ALDES ";"11019130";"BAPCOLOR 15 D125 BLC/WHI";520;0;520;"26/03/2026";    5;"F426-08822";
"AR2600809";34000;"80001";"ALDES ";"11019132";"BAPCOLOR 45 D125 BLC/WHI";260;0;260;"26/03/2026";    5;"F426-08823";
"AR2600809";35000;"80001";"ALDES ";"11019135";"BAPCOLOR 90 D125 BLC/WHI";66;0;66;"26/03/2026";    5;"F426-08824";
"AR2600809";36000;"80001";"ALDES ";"11019137";"BAPCOLOR 20-75 D125 BLC/WHI";65;0;65;"26/03/2026";    5;"F426-08825";
"AR2600958"; 1000;"80001";"ALDES ";"GBP443AE";"BHM10 --  30 --- PNE 30 116 AE";640;0;640;"26/03/2026";    5;"F426-08871";
"AR2600963"; 1000;"80001";"ALDES ";"GBP479AE";"BHM15 -- --- ------ -- APP AE";64;0;64;"26/03/2026";    5;"F426-08876";
"AR2601070"; 2000;"96001";"PARTN-AIR SA";"AVE2131CH";"UNIT CTRL PRESSION SMART+ ZLT";20;0;20;"26/03/2026";    1;"";
"AR2601244"; 1000;"90501";"BRISTEC cz, s.r.o.";"EAR201EX";"EAR  0*35 LOB SS -- BLC AE";108;0;108;"26/03/2026";    1;"";
"AR2601244"; 2000;"90501";"BRISTEC cz, s.r.o.";"AEA2136XX";"EMM AUVENT PLAT GRA AE";100;0;100;"26/03/2026";    1;"";
"AR2601284"; 1000;"80001";"ALDES ";"11033436";"ESHKIT CBL HYGMW- BDH PNEU----";72;0;72;"26/03/2026";    5;"F426-08961";
"AR2601287"; 1000;"80001";"ALDES ";"11033531";"ESHKIT CBL HYGCLA BDH --------";336;0;336;"26/03/2026";    5;"F426-08964";
"AR2601288"; 1000;"80001";"ALDES ";"11033549";"ESHKIT CPT HYGCLA BDH --------";160;0;160;"26/03/2026";    5;"F426-08965";
"AR2601289"; 1000;"80001";"ALDES ";"11035406";"ESHKIT CBL HYGCLA BDH GP------";504;0;504;"26/03/2026";    5;"F426-08966";
"AR2600767"; 1000;"80001";"ALDES ";"EAR1167AE";"EAR  4-32 R-- - SS -- BLC AE";1000;0;1000;"26/03/2026";    5;"F426-08708";
"AR2601069"; 2000;"96001";"PARTN-AIR SA";"AVE2131CH";"UNIT CTRL PRESSION SMART+ ZLT";15;0;15;"26/03/2026";    1;"";
"AR2503855"; 1000;"80001";"ALDES ";"11019421";"S/E REGUL.15+30 BAPCOLOR";30;0;30;"26/03/2026";    1;"";
"AR2600780"; 2000;"80001";"ALDES ";"AEA1881AL";"ETH MOUSSE AC COND Ø100";220;0;220;"26/03/2026";    5;"F426-08714";
"AR2601228"; 4000;"80001";"ALDES ";"11016310";"MR MODULO D125/5IN 100-190M3/6";480;0;480;"30/03/2026";    5;"F426-08916";
"AR2600953"; 1000;"80001";"ALDES ";"A2183";"BOUCHON T2A PAR 2";120;0;120;"30/03/2026";    5;"";
"AR2600952"; 1000;"80001";"ALDES ";"EFL1345AL";"EAR 162132 39DB AS BLF AL";1440;0;1440;"30/03/2026";    5;"F426-08868";
"AR2601228"; 1000;"80001";"ALDES ";"11018140";"BAZMOTUS 45/135 23KW D125/D125";105;0;105;"30/03/2026";    5;"F426-08913";
"AR2601297"; 1000;"80001";"ALDES ";"BDH2248AL";"BDH1565 -30 R04PRE B30 N 125AL";384;0;384;"30/03/2026";    5;"F426-08974";
"AR2601296"; 1000;"80001";"ALDES ";"BDH2306AL";"BDH1545 -45 R17PRE B30 - APPAL";384;0;384;"30/03/2026";    5;"F426-08973";
"AR2600783"; 1000;"80001";"ALDES ";"11033680";"KIT BDH BAIN CELLIER D80";540;0;540;"30/03/2026";    5;"F426-08722";
"AR2601294"; 1000;"80001";"ALDES ";"BDH2241AL";"BDH1545 -45 R17PNE -30 - APPAL";384;0;384;"30/03/2026";    5;"F426-08971";
"AR2601291"; 1000;"80001";"ALDES ";"BDH2224AL";"BDH1040 --- R13--- --- N 125AL";384;0;384;"30/03/2026";    5;"F426-08968";
"AR2601290"; 1000;"80001";"ALDES ";"BDH2263AL";"BDH1545 -45 R17PRE C30 N 125AL";384;0;384;"30/03/2026";    5;"F426-08967";
"AR2600838"; 1000;"80001";"ALDES ";"G2H1238AE";"G2H06-54 --- R5 --- - -- APPAE";160;0;160;"30/03/2026";    5;"F426-08832";
"AR2601229"; 1000;"80001";"ALDES ";"11016313";"MR MODULO D200/8IN 225-400M3/1";168;0;168;"30/03/2026";    5;"F426-08917";
"AR2601224"; 8000;"80001";"ALDES ";"AEA877AL";"ADAPTATEUR+JOINT D125 BXS";200;0;200;"30/03/2026";    5;"F426-08900";
"AR2601321"; 3000;"50025";"AERECO WENTYLACJA Sp. z.o.o";"EAR206PO";"EAR  0*35 LOB SA -- BLC AE";1152;0;1152;"31/03/2026";    1;"";
"AR2601321"; 4000;"50025";"AERECO WENTYLACJA Sp. z.o.o";"EHT780PO";"EHT  735 I- 1-O VI --- SV B AE";780;0;780;"31/03/2026";    1;"";
"AR2601321"; 5000;"50025";"AERECO WENTYLACJA Sp. z.o.o";"EMM716PO";"EMM  0*35 LR1-O- -- BLC AE";1080;0;1080;"31/03/2026";    1;"";
"AR2601321"; 6000;"50025";"AERECO WENTYLACJA Sp. z.o.o";"VBP2173PO";"VBP2 VFIXE D200/240 12V";90;0;90;"31/03/2026";    1;"";
"AR2600474"; 1000;"93507";"H-G, s.r.o.";"DP2409";"ETH AUVEN+GRIL  Ø100 RAL7004";111;0;111;"31/03/2026";    1;"";
"AR2600935"; 1000;"96001";"PARTN-AIR SA";"BXE2078EX";"BXCC1260---- R0 --- - -- 100AE";360;0;360;"31/03/2026";    1;"";
"AR2600474"; 3000;"93507";"H-G, s.r.o.";"DIVEX";"DIVEX";1;0;1;"31/03/2026";    1;"";
"AR2601201"; 1000;"96001";"PARTN-AIR SA";"AEA1152XX";"TRAVERSEE RALLONGE EAR";240;0;240;"31/03/2026";    1;"";
"AR2601201"; 2000;"96001";"PARTN-AIR SA";"EAR200EX";"EAR  0*35 L-- SS -- BLC AE";80;0;80;"31/03/2026";    1;"";
"AR2601201"; 3000;"96001";"PARTN-AIR SA";"AEA1151XX";"TRAVERSEE FENETRE EAR";120;0;120;"31/03/2026";    1;"";
"AR2601201"; 4000;"96001";"PARTN-AIR SA";"EAR282EX";"EAR  0*35 L-- SA -- BLC AE";64;0;64;"31/03/2026";    1;"";
"AR2601349"; 1000;"96009";"PIEREN AG";"AEA851XX";"AUVENT ACOUS EHA + GRILLE BLC";12;0;12;"31/03/2026";    1;"";
"AR2601349"; 2000;"96009";"PIEREN AG";"EAR308EX";"EAR  0*35 LOB SS -- GRF AE";36;0;36;"31/03/2026";    1;"";
"AR2601349"; 3000;"96009";"PIEREN AG";"EAF312EX";"EAR -- 33---- SS -- GRF AE";40;0;40;"31/03/2026";    1;"";
"AR2601152"; 1000;"96001";"PARTN-AIR SA";"V4A2164EX";"V4A2 230V PREMIUM";5;0;5;"31/03/2026";    1;"";
"AR2601295"; 1000;"80001";"ALDES ";"BDH2305AL";"BDH1040 -30 R16PRE B30 - APPAL";384;0;384;"31/03/2026";    5;"F426-08972";
"AR2601328"; 1000;"96001";"PARTN-AIR SA";"EAR201EX";"EAR  0*35 LOB SS -- BLC AE";324;0;324;"31/03/2026";    1;"";
"AR2601328"; 2000;"96001";"PARTN-AIR SA";"BXC1893EX";"BXCD1245---- R0 --- - -- 100AE";288;0;288;"31/03/2026";    1;"";
"AR2601336"; 1000;"96001";"PARTN-AIR SA";"EAR200EX";"EAR  0*35 L-- SS -- BLC AE";120;0;120;"31/03/2026";    1;"";
"AR2601336"; 2000;"96001";"PARTN-AIR SA";"EAR282EX";"EAR  0*35 L-- SA -- BLC AE";64;0;64;"31/03/2026";    1;"";
"AR2601321"; 2000;"50025";"AERECO WENTYLACJA Sp. z.o.o";"EAR201PO";"EAR  0*35 LOB SS -- BLC AE";1296;0;1296;"31/03/2026";    1;"";
"AR2601321"; 1000;"50025";"AERECO WENTYLACJA Sp. z.o.o";"11016310";"MR MODULO D125/5IN 100-190M3/6";576;0;576;"31/03/2026";    1;"";
"AR2600208";10000;"50025";"AERECO WENTYLACJA Sp. z.o.o";"BXC1907EX";"BXCD1270---- R0 --- - -- 125AE";864;0;864;"31/03/2026";    1;"";
"AR2600208"; 9000;"50025";"AERECO WENTYLACJA Sp. z.o.o";"AEA852XX";"EMM AUVENT ACOUS+GRILLE IN CHE";1440;0;1440;"31/03/2026";    1;"";
"AR2600208"; 8000;"50025";"AERECO WENTYLACJA Sp. z.o.o";"AEA833XX";"EMM AUVENT ACOUS+GRILLE IN BLC";1440;0;1440;"31/03/2026";    1;"";
"AR2600208"; 7000;"50025";"AERECO WENTYLACJA Sp. z.o.o";"AEA733XX";"EMM AUVENT + GRILLE CHO";1809;0;1809;"31/03/2026";    1;"";
"AR2600208"; 6000;"50025";"AERECO WENTYLACJA Sp. z.o.o";"AEA1243XX";"EMM AUVENT ACOUS+GRILLE IN GRA";1440;0;1440;"31/03/2026";    1;"";
"AR2600208"; 5000;"50025";"AERECO WENTYLACJA Sp. z.o.o";"AEA1242XX";"EMM AUV/GRIL AUTO GRA AE";1608;0;1608;"31/03/2026";    1;"";
"AR2600208"; 4000;"50025";"AERECO WENTYLACJA Sp. z.o.o";"AEA1202XX";"EMM AUV/GRIL AUTO GRF AE";304;0;304;"31/03/2026";    1;"";
"AR2600208"; 3000;"50025";"AERECO WENTYLACJA Sp. z.o.o";"AEA1152XX";"TRAVERSEE RALLONGE EAR";1080;0;1080;"31/03/2026";    1;"";
"AR2600208"; 2000;"50025";"AERECO WENTYLACJA Sp. z.o.o";"11819090";"BAT.125.1 (Aereco)";720;0;720;"31/03/2026";    1;"";
"AR2600208"; 1000;"50025";"AERECO WENTYLACJA Sp. z.o.o";"11016310";"MR MODULO D125/5IN 100-190M3/6";1152;0;1152;"31/03/2026";    1;"";
"AR2600891"; 1000;"50025";"AERECO WENTYLACJA Sp. z.o.o";"11819091";"BAT.125.2 (Aereco)";2160;0;2160;"31/03/2026";    1;"";
"AR2600474"; 2000;"93507";"H-G, s.r.o.";"DIVEX";"DIVEX";1;0;1;"31/03/2026";    1;"";
"AR2601155"; 1000;"50027";"AERECO LEGTECHNIKA Kft";"B6794";"MOUSSE AC CON Ø100 L250 ETH";36;0;36;"01/04/2026";    1;"";
"AR2601232"; 1000;"96001";"PARTN-AIR SA";"AVE2131CH";"UNIT CTRL PRESSION SMART+ ZLT";50;0;50;"01/04/2026";    1;"";
"AR2601371"; 1000;"80001";"ALDES ";"BDH2216AL";"BDH0535 --- R00--- --- - -80AL";384;0;384;"01/04/2026";    5;"F426-08991";
"AR2601298"; 1000;"80001";"ALDES ";"BDH2186AL";"BDH0535 -30 R19PRE B30 - -80AL";384;0;384;"01/04/2026";    5;"F426-08975";
"AR2601300"; 1000;"80001";"ALDES ";"BDH2219AL";"BDH0535 --- R00--- --- - 125AL";384;0;384;"01/04/2026";    5;"F426-08977";
"AR2601301"; 1000;"80001";"ALDES ";"BDH2228AL";"BDH0535 -30 ---PNE -30 - 125AL";768;0;768;"01/04/2026";    5;"F426-08978";
"AR2601304"; 1000;"80001";"ALDES ";"BDH2221AL";"BDH0535 --- R12--- --- - 125AL";768;0;768;"01/04/2026";    5;"F426-08981";
"AR2601022"; 1000;"50004";"AERECO GmbH";"AEA1151XX";"TRAVERSEE FENETRE EAR";1080;0;1080;"01/04/2026";    1;"";
"AR2600916"; 1000;"50004";"AERECO GmbH";"BXC1893GM";"BXCD1245---- R0 --- - -- 100AE";576;0;576;"01/04/2026";    1;"";
"AR2600916"; 2000;"50004";"AERECO GmbH";"BXC1890GM";"BXCD1260---- R0 --- - -- 100AE";576;0;576;"01/04/2026";    1;"";
"AR2600916"; 3000;"50004";"AERECO GmbH";"BXE2051GM";"BXCG1245---- R0 --- - -- 100AE";60;0;60;"01/04/2026";    1;"";
"AR2600916"; 4000;"50004";"AERECO GmbH";"BXE2055GM";"BXCG1260---- R0 --- - -- COUAE";36;0;36;"01/04/2026";    1;"";
"AR2601367"; 1000;"50027";"AERECO LEGTECHNIKA Kft";"EAR203HU";"EAR 17*35 L-- SS -- BLC AE";40;0;40;"01/04/2026";    1;"";
"AR2601319"; 1000;"50027";"AERECO LEGTECHNIKA Kft";"AEA301XX";"SOCLE EAR ACOUS EQ 39dB BLC AE";464;0;464;"01/04/2026";    1;"";
"AR2601320"; 1000;"50027";"AERECO LEGTECHNIKA Kft";"AEA733XX";"EMM AUVENT + GRILLE CHO";18;0;18;"01/04/2026";    1;"";
"AR2601320"; 2000;"50027";"AERECO LEGTECHNIKA Kft";"AEA774XX";"EHT GRILLE CONDUIT";30;0;30;"01/04/2026";    1;"";
"AR2601320"; 3000;"50027";"AERECO LEGTECHNIKA Kft";"AEA827XX";"EMM AUVENT + GRILLE CHENE";18;0;18;"01/04/2026";    1;"";
"AR2601320"; 4000;"50027";"AERECO LEGTECHNIKA Kft";"B6794";"MOUSSE AC CON Ø100 L250 ETH";36;0;36;"01/04/2026";    1;"";
"AR2601320"; 5000;"50027";"AERECO LEGTECHNIKA Kft";"EAF309HU";"EAR -- 33---- SS -- BLC AE";40;0;40;"01/04/2026";    1;"";
"AR2601320"; 6000;"50027";"AERECO LEGTECHNIKA Kft";"VAM767HU";"VAM GALV 230V 50Hz 100Pa";5;0;5;"01/04/2026";    1;"";
"AR2601191"; 1000;"50004";"AERECO GmbH";"AEA317XX";"ADAPTATEUR + JOINT D125 BXC";144;0;144;"01/04/2026";    1;"";
"AR2601191"; 2000;"50004";"AERECO GmbH";"BXE2080GM";"BXCF1260---- R0 --- - -- 100AE";30;0;30;"01/04/2026";    1;"";
"AR2601211"; 1000;"80001";"ALDES ";"11016286";"MR MONO D160 170M3/100CFM";1;0;1;"01/04/2026";    1;"";
"AR2600941"; 1000;"80001";"ALDES ";"BDH2264AL";"BDH1040 -30 R16PRE C30 N 125AL";384;0;384;"01/04/2026";    5;"F426-08864";
"AR2601086"; 1000;"50004";"AERECO GmbH";"BXE2056GM";"BXCG1245---- R0 --- - COUAE";216;0;216;"01/04/2026";    1;"";
"AR2600955"; 1000;"80001";"ALDES ";"GBP1806AE";"BHM10 40 --- R11--- -- APP AE";960;0;960;"01/04/2026";    5;"F426-08869";
"AR2601273"; 1000;"50004";"AERECO GmbH";"A6977";"GRILLE ANTI-INSECTE PLAST ETH";200;0;200;"01/04/2026";    1;"";
"AR2601276"; 1000;"50004";"AERECO GmbH";"FBE1089GM";"BHM BOITE FILTRE ALU GRAND TR";264;0;264;"01/04/2026";    1;"";
"AR2600959"; 1000;"80001";"ALDES ";"EHM1306AE";"EHM  4 32 R-- SS -- -- BLC AE";1008;0;1008;"01/04/2026";    5;"F426-08872";
"AR2600961"; 1000;"80001";"ALDES ";"EHL1395AL";"EAR  4-31 R-- - SS -- NOI AL";120;0;120;"01/04/2026";    5;"F426-08874";
"AR2600962"; 1000;"80001";"ALDES ";"11016312";"MR MODULO D160/6IN 100-240M3/6";600;0;600;"01/04/2026";    5;"F426-08875";
"AR2600784"; 1000;"80001";"ALDES ";"AEA362AL";"EHA AUVENT E42 S37 NOI";48;0;48;"01/04/2026";    5;"F426-08723";
"AR2600784"; 2000;"80001";"ALDES ";"EHL1393AL";"EAR  4-31 R-- - SS -- BRU AL";40;0;40;"01/04/2026";    5;"F426-08724";
"AR2600784"; 3000;"80001";"ALDES ";"EHL1401AL";"EAR  4-31 R-- - SA -- GRI AL";576;0;576;"01/04/2026";    5;"F426-08725";
"AR2600784"; 4000;"80001";"ALDES ";"AEA389AL";"SOCLE EAR ACOUS EQ 39dB BLF AL";60;0;60;"01/04/2026";    5;"F426-08726";
"AR2600784"; 5000;"80001";"ALDES ";"EBH1480AL";"EHM  4 31 R-- SS -- -- GRA AL";448;0;448;"01/04/2026";    5;"F426-08727";
"AR2600784"; 6000;"80001";"ALDES ";"EBH1562LA";"EHM  4 31 R-- SS -- -- NOI AL";60;0;60;"01/04/2026";    5;"F426-08728";
"AR2600784"; 7000;"80001";"ALDES ";"EBH1355AL";"EHM  4 31 R-- SS -- -- CHC AL";112;0;112;"01/04/2026";    5;"F426-08729";
"AR2600784"; 8000;"80001";"ALDES ";"EBH1357AL";"EHM  4 31 R-- SS -- -- BRU AL";112;0;112;"01/04/2026";    5;"F426-08730";
"AR2600784"; 9000;"80001";"ALDES ";"AEA1217AL";"TRAVERSEE MANCHON EHP";72;0;72;"01/04/2026";    5;"F426-08731";
"AR2600784";10000;"80001";"ALDES ";"AEA1218AL";"EHP JOINT APPLIQUE";72;0;72;"01/04/2026";    5;"F426-08732";
"AR2600784";11000;"80001";"ALDES ";"TDA868AL";"TDA 05 PRES PILE     PF BLC AL";210;0;210;"01/04/2026";    5;"F426-08733";
"AR2600784";12000;"80001";"ALDES ";"B3F413AL";"B3F BOITIER CAPTEUR PRESENCE";48;0;48;"01/04/2026";    5;"F426-08734";
"AR2600784";13000;"80001";"ALDES ";"BXG352AL";"BXG 30  90 23KW D125 AL";20;0;20;"01/04/2026";    5;"F426-08735";
"AR2600784";14000;"80001";"ALDES ";"BXG271AL";"BXG 45 135 23KW D125 AL";120;0;120;"01/04/2026";    5;"F426-08736";
"AR2600784";15000;"80001";"ALDES ";"11033681";"KIT BDH BAIN/WC F1-F5 D80";300;0;300;"01/04/2026";    5;"F426-08737";
"AR2600784";16000;"80001";"ALDES ";"11033684";"KIT BDH WC PRES W13 D80";300;0;300;"01/04/2026";    5;"F426-08738";
"AR2600784";17000;"80001";"ALDES ";"11033694";"KIT OPT BDH BAIN CELLIER D80";48;0;48;"01/04/2026";    5;"F426-08739";
"AR2600784";18000;"80001";"ALDES ";"GRO272AL";"GRILLE TYPE G0 ALD";260;0;260;"01/04/2026";    5;"F426-08740";
"AR2601230"; 1000;"80001";"ALDES ";"BDH2212AL";"BDH0535 -30 ---PRE B30 - 125AL";384;0;384;"01/04/2026";    5;"F426-08918";
"AR2601230"; 2000;"80001";"ALDES ";"AVE209AE";"COFFRET 1 A 3 VBP";6;0;6;"01/04/2026";    5;"F426-08919";
"AR2601343"; 1000;"50004";"AERECO GmbH";"FBE1089GM";"BHM BOITE FILTRE ALU GRAND TR";264;0;264;"01/04/2026";    1;"";
"AR2600840"; 1000;"80001";"ALDES ";"EHM1305AE";"EHM  4 31 R-- SS -- -- BLC AE";1008;0;1008;"01/04/2026";    5;"F426-08833";
"AR2600844"; 1000;"80001";"ALDES ";"A2175";"COUDE 90 T2A EQUIP";210;0;210;"01/04/2026";    5;"";
"AR2600845"; 1000;"80001";"ALDES ";"EFL1831AE";"EAR ----32 39DB -- BLF AL";160;0;160;"01/04/2026";    5;"F426-08834";
"AR2600822"; 1000;"50004";"AERECO GmbH";"K3168";"AUV GRIL GPE2A 0168 ANJOS BLC";1200;0;1200;"01/04/2026";    1;"";
"AR2600822"; 2000;"50004";"AERECO GmbH";"AEA317XX";"ADAPTATEUR + JOINT D125 BXC";108;0;108;"01/04/2026";    1;"";
"AR2600822"; 3000;"50004";"AERECO GmbH";"SE3520";"ARMATURE FILTRE V2A EQUIPEE";10;0;10;"01/04/2026";    1;"";
"AR2601204"; 1000;"96001";"PARTN-AIR SA";"VCZ2094EX";"VENT VTF VDR READP RV3 ZLT ";8;0;8;"01/04/2026";    1;"";
"AR2601181"; 1000;"96001";"PARTN-AIR SA";"VTZ2086CH";"VENTID VTF VDR READP DVV1 ZLT";8;0;8;"01/04/2026";    1;"";
"AR2601200"; 1000;"50004";"AERECO GmbH";"AEA1429XX";"TRAVERSEE FENETRE EHM";300;0;300;"01/04/2026";    1;"";
"AR2601268"; 1000;"80001";"ALDES ";"11026032";"ESHKIT CBL AUTO-- BIP --------";1200;0;1200;"01/04/2026";    5;"F426-08951";
"AR2504302"; 1000;"80001";"ALDES ";"11033501";"ESHKIT CBL HYGMP- BAH --------";600;0;48;"02/04/2026";    5;"F425-04438";
"AR2601254"; 1000;"80001";"ALDES ";"GBP1809AE";"BHM10 40 --- R10--- -- APP AE";256;0;256;"02/04/2026";    5;"F426-08944";
"AR2601305"; 1000;"80001";"ALDES ";"BDH2236AL";"BDH0535 -30 R00PNE -30 - 125AL";384;0;384;"02/04/2026";    5;"F426-08982";
"AR2601308"; 1000;"98512";"VENTIL-ART";"EHP1198EX";"EHP 03 35 LOB - - - - BLC AE ";100;0;100;"02/04/2026";    1;"";
"AR2601308"; 2000;"98512";"VENTIL-ART";"AEA1216EX";"EHP ENTRETOISE DEBIT ADD";100;0;100;"02/04/2026";    1;"";
"AR2601308"; 3000;"98512";"VENTIL-ART";"AEA1217EX";"TRAVERSEE MANCHON EHP";100;0;100;"02/04/2026";    1;"";
"AR2601202"; 1000;"90043";"AVSA UAB";"BFX1929EX";"BXCDFIXE--50 -- --- - -- 100AE";48;0;48;"02/04/2026";    1;"";
"AR2601202"; 2000;"90043";"AVSA UAB";"BXE1999EX";"BXCG1270---- R0 --- - -- 100AE";30;0;30;"02/04/2026";    1;"";
"AR2601202"; 3000;"90043";"AVSA UAB";"AVE056XX";"PIQUAGE Ø100 V4A";20;0;20;"02/04/2026";    1;"";
"AR2601202"; 4000;"90043";"AVSA UAB";"V4A2164EX";"V4A2 230V PREMIUM";3;0;3;"02/04/2026";    1;"";
"AR2601202"; 5000;"90043";"AVSA UAB";"V2A032EX";"V2A 230V  80Pa";25;0;25;"02/04/2026";    1;"";
"AR2601203"; 1000;"90043";"AVSA UAB";"EAR201EX";"EAR  0*35 LOB SS -- BLC AE";540;0;540;"02/04/2026";    1;"";
"AR2601203"; 2000;"90043";"AVSA UAB";"AEA731XX";"EMM AUVENT + GRILLE BLC";225;0;225;"02/04/2026";    1;"";
"AR2601203"; 3000;"90043";"AVSA UAB";"BXC1900EX";"BXCD1270---- R0 --- - -- 100AE";144;0;144;"02/04/2026";    1;"";
"AR2601231"; 1000;"80001";"ALDES ";"11011508";"ELLIA 30 - BLC/WHI";180;0;180;"02/04/2026";    5;"F426-08920";
"AR2601231"; 2000;"80001";"ALDES ";"EHL1386AL";"EAR  4-31 R-- - SS -- BLF AL";1440;0;1440;"02/04/2026";    5;"F426-08921";
"AR2601231"; 3000;"80001";"ALDES ";"11016258";"MR MONO D125/5IN 70M3/41CFM";48;0;48;"02/04/2026";    5;"F426-08922";
"AR2601231"; 4000;"80001";"ALDES ";"11016295";"MR MONO D200/8IN 275M3/162CFM";180;0;180;"02/04/2026";    5;"F426-08923";
"AR2601231"; 5000;"80001";"ALDES ";"11016305";"MR MONO D250/10IN 550M3/324CFM";96;0;96;"02/04/2026";    5;"F426-08924";
"AR2601231"; 6000;"80001";"ALDES ";"11016308";"MR MODULO D100/4IN 20-90M3/12,";1200;0;1200;"02/04/2026";    5;"F426-08925";
"AR2601231"; 7000;"80001";"ALDES ";"11018138";"BAZMOTUS 45/105 23KW D125/D125";60;0;60;"02/04/2026";    5;"F426-08926";
"AR2601231"; 8000;"80001";"ALDES ";"11018139";"BAZMOTUS 45/120 23KW D125/D125";105;0;105;"02/04/2026";    5;"F426-08927";
"AR2601231";13000;"80001";"ALDES ";"11019139";"BAPCOLOR 45-105 D125 BLC/WHI";130;0;130;"02/04/2026";    5;"F426-08932";
"AR2601231";14000;"80001";"ALDES ";"11019215";"BAPCOLOR 45-120 D125 GRI/GRY";130;0;130;"02/04/2026";    5;"F426-08933";
"AR2601231";15000;"80001";"ALDES ";"11026042";"REGULATEUR WC AUTO EASYHOME";60;0;60;"02/04/2026";    5;"F426-08934";
"AR2601231";16000;"80001";"ALDES ";"11033360";"ESH ACC MS BAIN";16;0;16;"02/04/2026";    5;"F426-08935";
"AR2601231";17000;"80001";"ALDES ";"11033361";"ESH ACC MS WC ";16;0;16;"02/04/2026";    5;"F426-08936";
"AR2601231";18000;"80001";"ALDES ";"11033362";"ESH ACC MS WC + WC";16;0;16;"02/04/2026";    5;"F426-08937";
"AR2601231";19000;"80001";"ALDES ";"11033391";"ESHKIT CPT SENSAI COL SMARTCO2";16;0;16;"02/04/2026";    5;"F426-08938";
"AR2601231";20000;"80001";"ALDES ";"11033400";"ESH KIT MS BAIN ALGAINE";24;0;24;"02/04/2026";    5;"F426-08939";
"AR2601144"; 1000;"80001";"ALDES ";"11026035";"ESHKIT CPT AUTO-- BIP --------";480;0;480;"02/04/2026";    5;"F426-08877";
"AR2601327"; 1000;"80001";"ALDES ";"11033030";"ESHGPE CBL HYGCLA BAH --------";108;0;108;"02/04/2026";    5;"F426-08987";
"AR2601250"; 1000;"80001";"ALDES ";"VB42166AE";"VB4R VENTIL MS D350 230V R";30;0;30;"02/04/2026";    5;"F426-08940";
"AR2601221"; 1000;"80001";"ALDES ";"BDH2214AL";"BDH0535 -30 ---PNE -30 - APPAL";384;0;384;"02/04/2026";    5;"F426-08881";
"AR2601221"; 2000;"80001";"ALDES ";"BDH2218AL";"BDH0535 --- R00--- --- - APPAL";384;0;384;"02/04/2026";    5;"F426-08882";
"AR2601221"; 3000;"80001";"ALDES ";"11033682";"KIT BDH BAIN/WC F6-F7 D80";60;0;60;"02/04/2026";    5;"F426-08883";
"AR2601221"; 4000;"80001";"ALDES ";"11033683";"KIT BDH CUISINE PUSH D125";120;0;120;"02/04/2026";    5;"F426-08884";
"AR2601253"; 1000;"80001";"ALDES ";"GBP1810AE";"BHM12 42 --- R10--- -- APP AE";384;0;384;"02/04/2026";    5;"F426-08943";
"AR2601302"; 1000;"80001";"ALDES ";"BDH2237AL";"BDH0535 -30 R00PRE B30 - 125AL";384;0;384;"02/04/2026";    5;"F426-08979";
"AR2600943"; 1000;"80001";"ALDES ";"BDH2245AL";"BDH1040 -30 R06PRE B30 N 125AL";384;0;384;"06/04/2026";    5;"F426-08865";
"AR2600950"; 1000;"80001";"ALDES ";"BDH2229AL";"BDH0535 -30 ---INT B30 - 125AL";384;0;384;"06/04/2026";    5;"F426-08867";
"AR2600945"; 1000;"80001";"ALDES ";"BDH2266AL";"BDH1050 -90 R08INT C30 N 125AL";384;0;384;"06/04/2026";    5;"F426-08866";
"AR2601265"; 1000;"80001";"ALDES ";"11019015";"BAP'SI 45/120 D125";480;0;480;"07/04/2026";    5;"F426-08948";
"AR2601299"; 1000;"80001";"ALDES ";"BDH2212AL";"BDH0535 -30 ---PRE B30 - 125AL";384;0;384;"07/04/2026";    5;"F426-08976";
"AR2601303"; 1000;"80001";"ALDES ";"BDH2214AL";"BDH0535 -30 ---PNE -30 - APPAL";384;0;384;"07/04/2026";    5;"F426-08980";
"AR2601052"; 1000;"96001";"PARTN-AIR SA";"BXC1924GM";"BXCD1245--45 R0 PDL - 20 100AE";120;0;120;"07/04/2026";    1;"";
"AR2601256"; 1000;"80001";"ALDES ";"G2H1060AE";"G2H06--- -36 -- PNE - 20 APSAE";90;0;90;"07/04/2026";    5;"F426-08946";
"AR2601258"; 1000;"80001";"ALDES ";"A2174";"COUDE 90 TRAV MUR T2A EQUIP";216;0;216;"07/04/2026";    5;"";
"AR2601231"; 9000;"80001";"ALDES ";"11019004";"BAP'SI 30 D125";480;0;480;"07/04/2026";    5;"F426-08928";
"AR2601231";10000;"80001";"ALDES ";"11019005";"BAP'SI 45 D125";240;0;240;"07/04/2026";    5;"F426-08929";
"AR2601231";11000;"80001";"ALDES ";"11019090";"BAP'SI S1-MODULO D125 NF";480;0;480;"07/04/2026";    5;"F426-08930";
"AR2601231";12000;"80001";"ALDES ";"11019097";"BAP'SI D2-MODULO SS FUT";480;0;480;"07/04/2026";    5;"F426-08931";
"AR2601322"; 1000;"50025";"AERECO WENTYLACJA Sp. z.o.o";"11819090";"BAT.125.1 (Aereco)";720;0;720;"07/04/2026";    1;"";
"AR2601322"; 2000;"50025";"AERECO WENTYLACJA Sp. z.o.o";"AEA1202XX";"EMM AUV/GRIL AUTO GRF AE";304;0;304;"07/04/2026";    1;"";
"AR2601322"; 3000;"50025";"AERECO WENTYLACJA Sp. z.o.o";"AEA733XX";"EMM AUVENT + GRILLE CHO";1809;0;1809;"07/04/2026";    1;"";
"AR2601322"; 5000;"50025";"AERECO WENTYLACJA Sp. z.o.o";"EMM1484EX";"EMM  0*35 LR1-O- -- GRA AE";1080;0;1080;"07/04/2026";    1;"";
"AR2601322"; 6000;"50025";"AERECO WENTYLACJA Sp. z.o.o";"EMM716PO";"EMM  0*35 LR1-O- -- BLC AE";1080;0;1080;"07/04/2026";    1;"";
"AR2601322"; 7000;"50025";"AERECO WENTYLACJA Sp. z.o.o";"AVE1267EX";"SAV MOTOTURBINE VBP VFIXE 12V";45;0;45;"07/04/2026";    1;"";
"AR2601322"; 8000;"50025";"AERECO WENTYLACJA Sp. z.o.o";"AEA1152XX";"TRAVERSEE RALLONGE EAR";1080;0;1080;"07/04/2026";    1;"";
"AR2601322"; 4000;"50025";"AERECO WENTYLACJA Sp. z.o.o";"BXL888PO";"BHMM1070       I3- -------- AE";576;0;576;"07/04/2026";    1;"";
"AR2600209"; 1000;"50025";"AERECO WENTYLACJA Sp. z.o.o";"11819091";"BAT.125.2 (Aereco)";1440;0;1440;"07/04/2026";    1;"";
"AR2600209"; 2000;"50025";"AERECO WENTYLACJA Sp. z.o.o";"AEA100XX";"EMM AUV/GRIL AUTO BLC AE";1608;0;1608;"07/04/2026";    1;"";
"AR2600209"; 3000;"50025";"AERECO WENTYLACJA Sp. z.o.o";"AEA1150XX";"TRAVERSEE FENETRE EMM EHA";1080;0;1080;"07/04/2026";    1;"";
"AR2600209"; 4000;"50025";"AERECO WENTYLACJA Sp. z.o.o";"AEA1241XX";"EMM AUVENT + GRILLE GRA";1809;0;1809;"07/04/2026";    1;"";
"AR2600209"; 5000;"50025";"AERECO WENTYLACJA Sp. z.o.o";"AEA1243XX";"EMM AUVENT ACOUS+GRILLE IN GRA";1440;0;1440;"07/04/2026";    1;"";
"AR2600209"; 6000;"50025";"AERECO WENTYLACJA Sp. z.o.o";"AEA731XX";"EMM AUVENT + GRILLE BLC";3618;0;3618;"07/04/2026";    1;"";
"AR2600209"; 7000;"50025";"AERECO WENTYLACJA Sp. z.o.o";"AEA775XX";"EHT AUV Ø100 AE";440;0;440;"07/04/2026";    1;"";
"AR2600209"; 8000;"50025";"AERECO WENTYLACJA Sp. z.o.o";"AEA827XX";"EMM AUVENT + GRILLE CHENE";1809;0;1809;"07/04/2026";    1;"";
"AR2600209"; 9000;"50025";"AERECO WENTYLACJA Sp. z.o.o";"AEA833XX";"EMM AUVENT ACOUS+GRILLE IN BLC";1440;0;1440;"07/04/2026";    1;"";
"AR2600209";10000;"50025";"AERECO WENTYLACJA Sp. z.o.o";"AEA852XX";"EMM AUVENT ACOUS+GRILLE IN CHE";1440;0;1440;"07/04/2026";    1;"";
"AR2600209";11000;"50025";"AERECO WENTYLACJA Sp. z.o.o";"BXC1907EX";"BXCD1270---- R0 --- - -- 125AE";2304;0;2304;"07/04/2026";    1;"";
"AR2601330"; 1000;"80001";"ALDES ";"BDH2285AL";"BDH1555 135 R30INT C30 N 125AL";384;0;384;"07/04/2026";    5;"";
"AR2601255"; 1000;"80001";"ALDES ";"GBP1811AE";"BHM15 45 --- R09--- -- APP AE";192;0;192;"07/04/2026";    5;"F426-08945";
"AR2601071"; 1000;"50004";"AERECO GmbH";"BXE2191GM";"BXCC1245--45 RO INT - 20 100AE";30;0;30;"08/04/2026";    1;"";
"AR2601140"; 4000;"50004";"AERECO GmbH";"AVE057EX";"VAM SAV MOTOTURBINE 230V 120Pa";20;0;20;"08/04/2026";    1;"";
"AR2601306"; 1000;"80001";"ALDES ";"BDH2276AL";"BDH1050 105 R29PNE -30 N 125AL";384;0;384;"08/04/2026";    5;"F426-08983";
"AR2600739"; 1000;"50004";"AERECO GmbH";"EHM1276GM";"EHM  3 35 LOB SS -- -- BLC AE";280;0;280;"08/04/2026";    1;"";
"AR2600739"; 2000;"50004";"AERECO GmbH";"TDA874EX";"TDA 05 PRES PILE     -- BLC AE";240;0;240;"08/04/2026";    1;"";
"AR2600739"; 3000;"50004";"AERECO GmbH";"FBE1089GM";"BHM BOITE FILTRE ALU GRAND TR";198;0;198;"08/04/2026";    1;"";
"AR2600739"; 4000;"50004";"AERECO GmbH";"BXC2138GM";"BXCD1260---- R0 --- - -- APPAE";288;0;288;"08/04/2026";    1;"";
"AR2601023"; 1000;"50004";"AERECO GmbH";"AEA1151XX";"TRAVERSEE FENETRE EAR";2160;0;2160;"08/04/2026";    1;"";
"AR2601023"; 2000;"50004";"AERECO GmbH";"AEA1152XX";"TRAVERSEE RALLONGE EAR";1080;0;1080;"08/04/2026";    1;"";
"AR2601026"; 1000;"50004";"AERECO GmbH";"VAM813GM";"VAM GALV 230V 50Hz 120Pa";84;0;84;"08/04/2026";    1;"";
"AR2600917"; 1000;"50004";"AERECO GmbH";"BXC1890GM";"BXCD1260---- R0 --- - -- 100AE";288;0;288;"08/04/2026";    1;"";
"AR2601192"; 1000;"50004";"AERECO GmbH";"TDA873GM";"TDA 05 PRES ALIM     -- BLC AE";48;0;48;"08/04/2026";    1;"";
"AR2600726"; 1000;"50004";"AERECO GmbH";"A4581E01";"FACE AV EAR OBT BLC AE";64;0;64;"08/04/2026";    1;"";
"AR2600726"; 3000;"50004";"AERECO GmbH";"BXE2057GM";"BXCG1260--60 R0 INT - 20 100AE";30;0;30;"08/04/2026";    1;"";
"AR2601087"; 1000;"50004";"AERECO GmbH";"BXC1891EX";"BXCD12----70 -- INT - 20 100AE";96;0;96;"08/04/2026";    1;"";
"AR2601311"; 1000;"80001";"ALDES ";"11026032";"ESHKIT CBL AUTO-- BIP --------";960;0;960;"08/04/2026";    5;"F426-08985";
"AR2601344"; 1000;"50004";"AERECO GmbH";"A6977";"GRILLE ANTI-INSECTE PLAST ETH";200;0;200;"08/04/2026";    1;"";
"AR2601344"; 2000;"50004";"AERECO GmbH";"FBE1089GM";"BHM BOITE FILTRE ALU GRAND TR";132;0;132;"08/04/2026";    1;"";
"AR2601140"; 1000;"50004";"AERECO GmbH";"AEA1216GM";"EHP ENTRETOISE DEBIT ADD";720;0;720;"08/04/2026";    1;"";
"AR2601140"; 2000;"50004";"AERECO GmbH";"EHP1874GM";"EHP 03 35 L-- - - J - BLC AE";1080;0;1080;"08/04/2026";    1;"";
"AR2601140"; 3000;"50004";"AERECO GmbH";"EHP1219GM";"EHP 03 35 L-- - - - - BLC AE ";180;0;180;"08/04/2026";    1;"";
"AR2601071"; 2000;"50004";"AERECO GmbH";"BXE2073GM";"BXCC1270--70 R0 INT - 20 100AE";30;0;30;"08/04/2026";    1;"";
"AR2601372"; 1000;"80001";"ALDES ";"BDH2231AL";"BDH0535 -30 ---PRE B30 - -80AL";384;0;384;"09/04/2026";    5;"F426-08992";
"AR2601222"; 6000;"80001";"ALDES ";"11033681";"KIT BDH BAIN/WC F1-F5 D80";120;0;120;"09/04/2026";    5;"F426-08890";
"AR2601028"; 1000;"50028";"AERECO Ltd";"V4A2164EX";"V4A2 230V PREMIUM";180;0;180;"09/04/2026";    1;"";
"AR2601028"; 2000;"50028";"AERECO Ltd";"V4A2164EX";"V4A2 230V PREMIUM";40;0;40;"09/04/2026";    1;"";
"AR2601028"; 3000;"50028";"AERECO Ltd";"ETH1984EX";"ETH05 35 LR02 O 100-AAD BLC AE";832;0;832;"09/04/2026";    1;"";
"AR2601345"; 1000;"50028";"AERECO Ltd";"BXC1899EX";"BXCD1270---- R0 ALR - -- 125AE";48;0;48;"09/04/2026";    1;"";
"AR2601345"; 2000;"50028";"AERECO Ltd";"BXC1907EX";"BXCD1270---- R0 --- - -- 125AE";120;0;120;"09/04/2026";    1;"";
"AR2601345"; 3000;"50028";"AERECO Ltd";"BXC1900EX";"BXCD1270---- R0 --- - -- 100AE";48;0;48;"09/04/2026";    1;"";
"AR2601345"; 4000;"50028";"AERECO Ltd";"BXC1898EX";"BXCD1270---- R0 ALR - -- 100AE";96;0;96;"09/04/2026";    1;"";
"AR2601345"; 5000;"50028";"AERECO Ltd";"BXE2075EX";"BXCF1270--70 R0 INT - 20 100AE";15;0;15;"09/04/2026";    1;"";
"AR2601345"; 6000;"50028";"AERECO Ltd";"CAL261EX";"ALIM PILE 12VAC / 3VDC BXC";700;0;700;"09/04/2026";    1;"";
"AR2601345"; 7000;"50028";"AERECO Ltd";"ETH1853EX";"ETH05 35 LR02 O 100K--- BLC AE";100;0;100;"09/04/2026";    1;"";
"AR2601345"; 8000;"50028";"AERECO Ltd";"AEA064XX";"EHT LIMITEUR DEBIT D100";200;0;200;"09/04/2026";    1;"";
"AR2601345"; 9000;"50028";"AERECO Ltd";"V2A032EX";"V2A 230V  80Pa";30;0;30;"09/04/2026";    1;"";
"AR2601345";10000;"50028";"AERECO Ltd";"V4A2164EX";"V4A2 230V PREMIUM";100;0;100;"09/04/2026";    1;"";
"AR2601345";11000;"50028";"AERECO Ltd";"AVE055XX";"PIQUAGE Ø125 V4A";200;0;200;"09/04/2026";    1;"";
"AR2600786"; 2000;"80001";"ALDES ";"EHL1401AL";"EAR  4-31 R-- - SA -- GRI AL";576;0;576;"09/04/2026";    5;"F426-08742";
"AR2600786"; 3000;"80001";"ALDES ";"EFL1344AL";"EAR 162132 39DB -- BLF AL";720;0;720;"09/04/2026";    5;"F426-08743";
"AR2600786"; 4000;"80001";"ALDES ";"AEA109AL";"EHT TUBE Ø100/100 ext x 350 GR";72;0;72;"09/04/2026";    5;"F426-08744";
"AR2600786"; 5000;"80001";"ALDES ";"AEA389AL";"SOCLE EAR ACOUS EQ 39dB BLF AL";60;0;60;"09/04/2026";    5;"F426-08745";
"AR2600786"; 6000;"80001";"ALDES ";"AEA064AL";"EHT LIMITEUR DEBIT D100";50;0;50;"09/04/2026";    5;"F426-08746";
"AR2600786"; 8000;"80001";"ALDES ";"AEA877AL";"ADAPTATEUR+JOINT D125 BXS";200;0;200;"09/04/2026";    5;"F426-06640";
"AR2600786"; 9000;"80001";"ALDES ";"B3F2161AL";"B3FD BOITIER CAP CO2 EE894";48;0;48;"09/04/2026";    5;"F426-08748";
"AR2600786";10000;"80001";"ALDES ";"BXG351AL";"BXG 45 105 23KW D125 AL";20;0;20;"09/04/2026";    5;"F426-08749";
"AR2600786";11000;"80001";"ALDES ";"BXG350AL";"BXG 45 120 23KW D125 AL";20;0;20;"09/04/2026";    5;"F426-08750";
"AR2600786";12000;"80001";"ALDES ";"11033680";"KIT BDH BAIN CELLIER D80";600;0;600;"09/04/2026";    5;"F426-08751";
"AR2600786";13000;"80001";"ALDES ";"11033684";"KIT BDH WC PRES W13 D80";120;0;120;"09/04/2026";    5;"F426-08752";
"AR2600786";14000;"80001";"ALDES ";"GRO272AL";"GRILLE TYPE G0 ALD";260;0;260;"09/04/2026";    5;"F426-08753";
"AR2601342"; 1000;"90501";"BRISTEC cz, s.r.o.";"EAR201EX";"EAR  0*35 LOB SS -- BLC AE";144;0;144;"09/04/2026";    1;"";
"AR2601342"; 2000;"90501";"BRISTEC cz, s.r.o.";"AEA2117XX";"SOCLE EAR ACOUS EQ 39dB GRA AE";56;0;56;"09/04/2026";    1;"";
"AR2600927"; 1000;"50028";"AERECO Ltd";"BXC1903EX";"BXCD1270--70 R0 PDL - 20 100AE";48;0;48;"09/04/2026";    1;"";
"AR2600927"; 2000;"50028";"AERECO Ltd";"BXC1905EX";"BXCD12----70 --PDL - 20 100AE";48;0;48;"09/04/2026";    1;"";
"AR2600927"; 3000;"50028";"AERECO Ltd";"BXC1915EX";"BXCD12----70 -- PDL - 20 125AE";48;0;48;"09/04/2026";    1;"";
"AR2600927"; 4000;"50028";"AERECO Ltd";"B6794";"MOUSSE AC CON Ø100 L250 ETH";36;0;36;"09/04/2026";    1;"";
"AR2600846"; 1000;"80001";"ALDES ";"A2174";"COUDE 90 TRAV MUR T2A EQUIP";216;0;216;"09/04/2026";    5;"";
"AR2601222"; 1000;"80001";"ALDES ";"EHL1393AL";"EAR  4-31 R-- - SS -- BRU AL";40;0;40;"09/04/2026";    5;"F426-08885";
"AR2601222"; 2000;"80001";"ALDES ";"AEA1217AL";"TRAVERSEE MANCHON EHP";72;0;72;"09/04/2026";    5;"F426-08886";
"AR2601222"; 3000;"80001";"ALDES ";"BDH2214AL";"BDH0535 -30 ---PNE -30 - APPAL";384;0;384;"09/04/2026";    5;"F426-08887";
"AR2601222"; 4000;"80001";"ALDES ";"BDH2220AL";"BDH0535 --- R12--- --- - APPAL";384;0;384;"09/04/2026";    5;"F426-08888";
"AR2601222"; 5000;"80001";"ALDES ";"11033680";"KIT BDH BAIN CELLIER D80";180;0;180;"09/04/2026";    5;"F426-08889";
"AR2600796"; 1000;"80001";"ALDES ";"VB42166AE";"VB4R VENTIL MS D350 230V R";30;0;30;"09/04/2026";    5;"F426-08775";
"AR2601348"; 1000;"96001";"PARTN-AIR SA";"VTZ2086CH";"VENTID VTF VDR READP DVV1 ZLT";8;0;8;"10/04/2026";    1;"";
"AR2601348"; 2000;"96001";"PARTN-AIR SA";"VCZ2091EX";"VENT VTF VDR READP RV0 ZLT ";3;0;3;"10/04/2026";    1;"";
"AR2601251"; 1000;"80001";"ALDES ";"GBP1806AE";"BHM10 40 --- R11--- -- APP AE";960;0;960;"10/04/2026";    5;"F426-08941";
"AR2601259"; 1000;"80001";"ALDES ";"GBP443AE";"BHM10 --  30 --- PNE 30 116 AE";320;0;320;"10/04/2026";    5;"F426-08947";
"AR2600847"; 1000;"80001";"ALDES ";"AEA100AE";"EMM AUV/GRIL AUTO BLC AE";320;0;320;"10/04/2026";    5;"F426-08835";
"AR2600787"; 1000;"80001";"ALDES ";"AEA1218AL";"EHP JOINT APPLIQUE";72;0;72;"10/04/2026";    5;"F426-08754";
"AR2600786"; 1000;"80001";"ALDES ";"AEA570AL";"EHA AUVENT E42 S37 BLC";480;0;480;"13/04/2026";    5;"F426-08741";
"AR2601223"; 2000;"80001";"ALDES ";"EFL1351AL";"EAR 162132 39DB -- CHC AL";160;0;160;"13/04/2026";    5;"F426-08892";
"AR2601223"; 1000;"80001";"ALDES ";"AEA1040AL";"EHA AUVENT E42 S37 CHC";48;0;48;"13/04/2026";    5;"F426-08891";
"AR2600786"; 7000;"80001";"ALDES ";"AEA1882AL";"ETH MOUSSE AC COND Ø125";400;0;400;"13/04/2026";    5;"F426-08747";
"AR2601131"; 1000;"96001";"PARTN-AIR SA";"BXC1890EX";"BXCD1260---- R0 --- - -- 100AE";288;0;288;"14/04/2026";    1;"";
"AR2601220"; 1000;"80001";"ALDES ";"A2183";"BOUCHON T2A PAR 2";120;0;120;"14/04/2026";    5;"";
"AR2601373"; 1000;"80001";"ALDES ";"BDH2251AL";"BDH1555 135 R01INT B30 N 125AL";384;0;384;"14/04/2026";    5;"F426-08993";
"AR2601323"; 1000;"50025";"AERECO WENTYLACJA Sp. z.o.o";"11011516";"ELLIA O MODULE - BLC/WHI";560;0;560;"14/04/2026";    1;"";
"AR2601323"; 2000;"50025";"AERECO WENTYLACJA Sp. z.o.o";"AEA1201XX";"EMM AUVENT + GRILLE GRF";1809;0;1809;"14/04/2026";    1;"";
"AR2601323"; 3000;"50025";"AERECO WENTYLACJA Sp. z.o.o";"AEA1241XX";"EMM AUVENT + GRILLE GRA";1809;0;1809;"14/04/2026";    1;"";
"AR2601323"; 4000;"50025";"AERECO WENTYLACJA Sp. z.o.o";"AEA1243XX";"EMM AUVENT ACOUS+GRILLE IN GRA";1440;0;1440;"14/04/2026";    1;"";
"AR2601323"; 5000;"50025";"AERECO WENTYLACJA Sp. z.o.o";"AEA731XX";"EMM AUVENT + GRILLE BLC";1809;0;1809;"14/04/2026";    1;"";
"AR2601323"; 6000;"50025";"AERECO WENTYLACJA Sp. z.o.o";"AEA833XX";"EMM AUVENT ACOUS+GRILLE IN BLC";1440;0;1440;"14/04/2026";    1;"";
"AR2601323"; 7000;"50025";"AERECO WENTYLACJA Sp. z.o.o";"AEA852XX";"EMM AUVENT ACOUS+GRILLE IN CHE";1440;0;1440;"14/04/2026";    1;"";
"AR2601323"; 8000;"50025";"AERECO WENTYLACJA Sp. z.o.o";"BXC1907EX";"BXCD1270---- R0 --- - -- 125AE";1152;0;1152;"14/04/2026";    1;"";
"AR2601323"; 9000;"50025";"AERECO WENTYLACJA Sp. z.o.o";"BXL888PO";"BHMM1070       I3- -------- AE";576;0;576;"14/04/2026";    1;"";
"AR2601323";10000;"50025";"AERECO WENTYLACJA Sp. z.o.o";"EAR206PO";"EAR  0*35 LOB SA -- BLC AE";576;0;576;"14/04/2026";    1;"";
"AR2601323";11000;"50025";"AERECO WENTYLACJA Sp. z.o.o";"EMM1189PO";"EMM  0*35 LR1-O- AG GRF AE";864;0;864;"14/04/2026";    1;"";
"AR2601323";12000;"50025";"AERECO WENTYLACJA Sp. z.o.o";"EMM716PO";"EMM  0*35 LR1-O- -- BLC AE";1080;0;1080;"14/04/2026";    1;"";
"AR2600210"; 1000;"50025";"AERECO WENTYLACJA Sp. z.o.o";"11819091";"BAT.125.2 (Aereco)";1440;0;1440;"14/04/2026";    1;"";
"AR2601214"; 1000;"80001";"ALDES ";"A2178";"MANCHON MALE/MALE T2A PAR 2";128;0;128;"14/04/2026";    5;"";
"AR2601218"; 1000;"80001";"ALDES ";"GBP1808AE";"BHM10 40 --- R08--- -- APP AE";320;0;320;"14/04/2026";    5;"F426-08880";
"AR2601054"; 1000;"96001";"PARTN-AIR SA";"V2A032EX";"V2A 230V  80Pa";20;0;20;"14/04/2026";    1;"";
"AR2503295"; 1000;"50004";"AERECO GmbH";"EHT780GM";"EHT  735 I- 1-O VI --- SV B AE";540;0;540;"15/04/2026";    1;"";
"AR2601141"; 2000;"50004";"AERECO GmbH";"BXC1924GM";"BXCD1245--45 R0 PDL - 20 100AE";288;0;288;"15/04/2026";    1;"";
"AR2601156"; 1000;"50027";"AERECO LEGTECHNIKA Kft";"BXC1903EX";"BXCD1270--70 R0 PDL - 20 100AE";24;0;24;"15/04/2026";    1;"";
"AR2601024"; 1000;"50004";"AERECO GmbH";"AEA1151XX";"TRAVERSEE FENETRE EAR";2160;0;2160;"15/04/2026";    1;"";
"AR2601024"; 2000;"50004";"AERECO GmbH";"AEA1152XX";"TRAVERSEE RALLONGE EAR";1080;0;1080;"15/04/2026";    1;"";
"AR2600918"; 1000;"50004";"AERECO GmbH";"BXC1890GM";"BXCD1260---- R0 --- - -- 100AE";576;0;576;"15/04/2026";    1;"";
"AR2600918"; 2000;"50004";"AERECO GmbH";"BXC1900GM";"BXCD1270---- R0 --- - -- 100AE";864;0;864;"15/04/2026";    1;"";
"AR2601053"; 1000;"50004";"AERECO GmbH";"BXE2051GM";"BXCG1245---- R0 --- - -- 100AE";210;0;210;"15/04/2026";    1;"";
"AR2601053"; 2000;"50004";"AERECO GmbH";"BXC1925GM";"BXCD1260--60 R0 PDL - 20 100AE";288;0;288;"15/04/2026";    1;"";
"AR2601053"; 3000;"50004";"AERECO GmbH";"BXC1903GM";"BXCD1270--70 R0 PDL - 20 100AE";96;0;96;"15/04/2026";    1;"";
"AR2601053"; 4000;"50004";"AERECO GmbH";"C1339";"FILTRE ALU BHM";200;0;200;"15/04/2026";    1;"";
"AR2601053"; 5000;"50004";"AERECO GmbH";"AEA317XX";"ADAPTATEUR + JOINT D125 BXC";180;0;180;"15/04/2026";    1;"";
"AR2601277"; 1000;"50004";"AERECO GmbH";"BXE2053GM";"BXCG1260---- R0 --- - -- 100AE";210;0;210;"15/04/2026";    1;"";
"AR2601141"; 1000;"50004";"AERECO GmbH";"BXC1922GM";"BXCD1260--60 R0 INT - 20 100AE";288;0;288;"15/04/2026";    1;"";
"AR2601129"; 1000;"50004";"AERECO GmbH";"BXE2056GM";"BXCG1245---- R0 --- - COUAE";108;0;108;"15/04/2026";    1;"";
"AR2600501"; 1000;"80001";"ALDES ";"EBH1354AL";"EHM  4 31 R-- SS -- -- IVC AL";112;0;112;"16/04/2026";    5;"F426-08705";
"AR2601224"; 7000;"80001";"ALDES ";"EBH1354AL";"EHM  4 31 R-- SS -- -- IVC AL";112;0;112;"16/04/2026";    5;"F426-08899";
"AR2600791"; 2000;"80001";"ALDES ";"BXG351AL";"BXG 45 105 23KW D125 AL";20;0;20;"16/04/2026";    5;"F426-08756";
"AR2600791"; 3000;"80001";"ALDES ";"11033680";"KIT BDH BAIN CELLIER D80";540;0;540;"16/04/2026";    5;"F426-08757";
"AR2600791"; 4000;"80001";"ALDES ";"11033694";"KIT OPT BDH BAIN CELLIER D80";48;0;48;"16/04/2026";    5;"F426-08758";
"AR2601224"; 9000;"80001";"ALDES ";"BDH2250AL";"BDH1555 135 R01PNE -30 N APPAL";384;0;384;"16/04/2026";    5;"F426-08901";
"AR2601224";10000;"80001";"ALDES ";"BDH2254AL";"BDH1050 -75 R03PNE -30 N 125AL";384;0;384;"16/04/2026";    5;"F426-08902";
"AR2601224";11000;"80001";"ALDES ";"BDH2218AL";"BDH0535 --- R00--- --- - APPAL";384;0;384;"16/04/2026";    5;"F426-08903";
"AR2601224";12000;"80001";"ALDES ";"11033680";"KIT BDH BAIN CELLIER D80";540;0;540;"16/04/2026";    5;"F426-08904";
"AR2601224";13000;"80001";"ALDES ";"11033681";"KIT BDH BAIN/WC F1-F5 D80";120;0;120;"16/04/2026";    5;"F426-08905";
"AR2601224";14000;"80001";"ALDES ";"11033683";"KIT BDH CUISINE PUSH D125";120;0;120;"16/04/2026";    5;"F426-08906";
"AR2601224";15000;"80001";"ALDES ";"BDH2302AL";"BDH0535 --- R00--- --- N -80AL";288;0;288;"16/04/2026";    5;"F426-08907";
"AR2601312"; 1000;"80001";"ALDES ";"BDH2228AL";"BDH0535 -30 ---PNE -30 - 125AL";768;0;768;"16/04/2026";    5;"F426-08986";
"AR2601224"; 1000;"80001";"ALDES ";"AEA1479AL";"EHA AUVENT E42 S37 GRA";48;0;48;"16/04/2026";    5;"F426-08893";
"AR2601224"; 2000;"80001";"ALDES ";"EHL1393AL";"EAR  4-31 R-- - SS -- BRU AL";40;0;40;"16/04/2026";    5;"F426-08894";
"AR2601224"; 3000;"80001";"ALDES ";"EHL1401AL";"EAR  4-31 R-- - SA -- GRI AL";576;0;576;"16/04/2026";    5;"F426-08895";
"AR2601224"; 4000;"80001";"ALDES ";"AEA389AL";"SOCLE EAR ACOUS EQ 39dB BLF AL";60;0;60;"16/04/2026";    5;"F426-08896";
"AR2601224"; 5000;"80001";"ALDES ";"EHL1482AL";"EAR  4-31 R-- - SA -- GRA AL";128;0;128;"16/04/2026";    5;"F426-08897";
"AR2601224"; 6000;"80001";"ALDES ";"EBH1562LA";"EHM  4 31 R-- SS -- -- NOI AL";60;0;60;"16/04/2026";    5;"F426-08898";
"AR2600791"; 1000;"80001";"ALDES ";"AEA1881AL";"ETH MOUSSE AC COND Ø100";220;0;220;"16/04/2026";    5;"F426-08755";
"AR2600792"; 1000;"80001";"ALDES ";"ETF1862AL";"ETH-- 32 ---- - 100 --- BLF AL";225;0;225;"20/04/2026";    5;"F426-08759";
"AR2601182"; 1000;"96001";"PARTN-AIR SA";"BXC1890EX";"BXCD1260---- R0 --- - -- 100AE";288;0;288;"21/04/2026";    1;"";
"AR2601324"; 1000;"50025";"AERECO WENTYLACJA Sp. z.o.o";"AEA1241XX";"EMM AUVENT + GRILLE GRA";1809;0;1809;"21/04/2026";    1;"";
"AR2601324"; 2000;"50025";"AERECO WENTYLACJA Sp. z.o.o";"AEA1243XX";"EMM AUVENT ACOUS+GRILLE IN GRA";1440;0;1440;"21/04/2026";    1;"";
"AR2601324"; 3000;"50025";"AERECO WENTYLACJA Sp. z.o.o";"AEA731XX";"EMM AUVENT + GRILLE BLC";1809;0;1809;"21/04/2026";    1;"";
"AR2601324"; 4000;"50025";"AERECO WENTYLACJA Sp. z.o.o";"AEA775XX";"EHT AUV Ø100 AE";440;0;440;"21/04/2026";    1;"";
"AR2600892"; 1000;"50025";"AERECO WENTYLACJA Sp. z.o.o";"11819091";"BAT.125.2 (Aereco)";1440;0;1440;"21/04/2026";    1;"";
"AR2601324"; 6000;"50025";"AERECO WENTYLACJA Sp. z.o.o";"BXC1907EX";"BXCD1270---- R0 --- - -- 125AE";2304;0;2304;"21/04/2026";    1;"";
"AR2601324"; 7000;"50025";"AERECO WENTYLACJA Sp. z.o.o";"BXL888PO";"BHMM1070       I3- -------- AE";576;0;576;"21/04/2026";    1;"";
"AR2601324"; 8000;"50025";"AERECO WENTYLACJA Sp. z.o.o";"EAR201PO";"EAR  0*35 LOB SS -- BLC AE";648;0;648;"21/04/2026";    1;"";
"AR2601324"; 9000;"50025";"AERECO WENTYLACJA Sp. z.o.o";"EAR206PO";"EAR  0*35 LOB SA -- BLC AE";576;0;576;"21/04/2026";    1;"";
"AR2601324"; 5000;"50025";"AERECO WENTYLACJA Sp. z.o.o";"AEA833XX";"EMM AUVENT ACOUS+GRILLE IN BLC";1440;0;1440;"21/04/2026";    1;"";
"AR2503030"; 1000;"50004";"AERECO GmbH";"VAM813GM";"VAM GALV 230V 50Hz 120Pa";126;0;112;"22/04/2026";    1;"";
"AR2601193"; 1000;"50004";"AERECO GmbH";"BXE2079GM";"BXCF1245---- R0 --- - -- 100AE";150;0;150;"22/04/2026";    1;"";
"AR2601274"; 1000;"50004";"AERECO GmbH";"BXE2080GM";"BXCF1260---- R0 --- - -- 100AE";210;0;210;"22/04/2026";    1;"";
"AR2601274"; 5000;"50004";"AERECO GmbH";"BXC2143GM";"BXCD1245--45 R0 PDL - 20 APPAE";48;0;48;"22/04/2026";    1;"";
"AR2601274"; 3000;"50004";"AERECO GmbH";"BXE2010GM";"BXCG12----70 --PDL - 20 100AE";30;0;30;"22/04/2026";    1;"";
"AR2601274"; 4000;"50004";"AERECO GmbH";"BXC2142GM";"BXCD1260--60 R0 PDL - 20 APPAE";48;0;48;"22/04/2026";    1;"";
"AR2601274"; 2000;"50004";"AERECO GmbH";"BXE2079GM";"BXCF1245---- R0 --- - -- 100AE";210;0;210;"22/04/2026";    1;"";
"AR2600766"; 1000;"80001";"ALDES ";"EAR1313AE";"EAR  4-31 R-- - SS -- BLC AE";400;0;400;"23/04/2026";    5;"F426-08707";
"AR2601216"; 1000;"80001";"ALDES ";"GBP1810AE";"BHM12 42 --- R10--- -- APP AE";384;0;384;"23/04/2026";    5;"F426-08879";
"AR2600793"; 3000;"80001";"ALDES ";"EHL1397AL";"EAR  4-31 R-- - SA -- IVC AL";64;0;64;"23/04/2026";    5;"F426-08762";
"AR2600793"; 4000;"80001";"ALDES ";"AEA389AL";"SOCLE EAR ACOUS EQ 39dB BLF AL";60;0;60;"23/04/2026";    5;"F426-08763";
"AR2600793"; 5000;"80001";"ALDES ";"EHL1398AL";"EAR  4-31 R-- - SA -- CHC AL";128;0;128;"23/04/2026";    5;"F426-08764";
"AR2600793"; 6000;"80001";"ALDES ";"EBH1480AL";"EHM  4 31 R-- SS -- -- GRA AL";448;0;448;"23/04/2026";    5;"F426-08765";
"AR2600793"; 7000;"80001";"ALDES ";"EBH1359AL";"EHM  4 31 R-- SS -- -- NOI AL";2016;0;2016;"23/04/2026";    5;"F426-08766";
"AR2600793"; 8000;"80001";"ALDES ";"AEA1880AL";"ETH AUVENT Ø100 BLC AL";708;0;708;"23/04/2026";    5;"F426-08767";
"AR2600793"; 9000;"80001";"ALDES ";"11033680";"KIT BDH BAIN CELLIER D80";480;0;480;"23/04/2026";    5;"F426-08768";
"AR2600793";10000;"80001";"ALDES ";"11033684";"KIT BDH WC PRES W13 D80";120;0;120;"23/04/2026";    5;"F426-08769";
"AR2600793";11000;"80001";"ALDES ";"11033692";"KIT OPT BDH PUSH CUISINE D125";48;0;48;"23/04/2026";    5;"F426-08770";
"AR2600793";12000;"80001";"ALDES ";"11033693";"KIT OPT BDH WC PRES D80";48;0;48;"23/04/2026";    5;"F426-08771";
"AR2600793";13000;"80001";"ALDES ";"GRO272AL";"GRILLE TYPE G0 ALD";260;0;260;"23/04/2026";    5;"F426-08772";
"AR2600769"; 1000;"80001";"ALDES ";"EAR1167AE";"EAR  4-32 R-- - SS -- BLC AE";1000;0;1000;"23/04/2026";    5;"F426-08710";
"AR2600793"; 1000;"80001";"ALDES ";"EHL1401AL";"EAR  4-31 R-- - SA -- GRI AL";576;0;576;"23/04/2026";    5;"F426-08760";
"AR2600793"; 2000;"80001";"ALDES ";"EHL1399AL";"EAR  4-31 R-- - SA -- CHF AL";64;0;64;"23/04/2026";    5;"F426-08761";
"AR2600768"; 1000;"80001";"ALDES ";"AEA301AE";"SOCLE EAR ACOUS EQ 39dB BLC AE";240;0;240;"23/04/2026";    5;"F426-08709";
"AR2504433"; 1000;"80001";"ALDES ";"BDH2281AL";"BDH1050 120 R09INT C30 N 125AL";1;0;1;"27/04/2026";    1;"";
"AR2601325"; 1000;"50025";"AERECO WENTYLACJA Sp. z.o.o";"11011516";"ELLIA O MODULE - BLC/WHI";540;0;540;"28/04/2026";    1;"";
"AR2601325"; 2000;"50025";"AERECO WENTYLACJA Sp. z.o.o";"11016310";"MR MODULO D125/5IN 100-190M3/6";576;0;576;"28/04/2026";    1;"";
"AR2601325"; 3000;"50025";"AERECO WENTYLACJA Sp. z.o.o";"AEA1243XX";"EMM AUVENT ACOUS+GRILLE IN GRA";1440;0;1440;"28/04/2026";    1;"";
"AR2601325"; 4000;"50025";"AERECO WENTYLACJA Sp. z.o.o";"AEA1242XX";"EMM AUV/GRIL AUTO GRA AE";1608;0;1608;"28/04/2026";    1;"";
"AR2601325"; 5000;"50025";"AERECO WENTYLACJA Sp. z.o.o";"AEA775XX";"EHT AUV Ø100 AE";440;0;440;"28/04/2026";    1;"";
"AR2601325"; 6000;"50025";"AERECO WENTYLACJA Sp. z.o.o";"AEA852XX";"EMM AUVENT ACOUS+GRILLE IN CHE";1440;0;1440;"28/04/2026";    1;"";
"AR2600893"; 1000;"50025";"AERECO WENTYLACJA Sp. z.o.o";"11819091";"BAT.125.2 (Aereco)";1440;0;1440;"28/04/2026";    1;"";
"AR2601325"; 8000;"50025";"AERECO WENTYLACJA Sp. z.o.o";"BXL888PO";"BHMM1070       I3- -------- AE";576;0;576;"28/04/2026";    1;"";
"AR2601325"; 9000;"50025";"AERECO WENTYLACJA Sp. z.o.o";"EAR201PO";"EAR  0*35 LOB SS -- BLC AE";648;0;648;"28/04/2026";    1;"";
"AR2601325";10000;"50025";"AERECO WENTYLACJA Sp. z.o.o";"EAR206PO";"EAR  0*35 LOB SA -- BLC AE";576;0;576;"28/04/2026";    1;"";
"AR2601325";11000;"50025";"AERECO WENTYLACJA Sp. z.o.o";"EMM716PO";"EMM  0*35 LR1-O- -- BLC AE";1080;0;1080;"28/04/2026";    1;"";
"AR2601325";12000;"50025";"AERECO WENTYLACJA Sp. z.o.o";"11819091";"BAT.125.2 (Aereco)";720;0;720;"28/04/2026";    1;"";
"AR2601325"; 7000;"50025";"AERECO WENTYLACJA Sp. z.o.o";"BXC1907EX";"BXCD1270---- R0 --- - -- 125AE";1152;0;1152;"28/04/2026";    1;"";
"AR2601368"; 1000;"50004";"AERECO GmbH";"BXC1893GM";"BXCD1245---- R0 --- - -- 100AE";576;0;576;"29/04/2026";    1;"";
"AR2601368"; 2000;"50004";"AERECO GmbH";"BXC1890GM";"BXCD1260---- R0 --- - -- 100AE";288;0;288;"29/04/2026";    1;"";
"AR2600794"; 1000;"80001";"ALDES ";"EHL1402AL";"EAR  4-31 R-- - SA -- NOI AL";128;0;128;"29/04/2026";    5;"F426-08773";
"AR2601142"; 1000;"50004";"AERECO GmbH";"BXE2202GM";"BXCC1260---- R0 --- - -- COUAE";72;0;72;"29/04/2026";    1;"";
"AR2600552"; 1000;"80001";"ALDES ";"11016194";"MR MODULO VMT D125 36-84M3";1;0;1;"29/04/2026";    1;"";
"AR2600622"; 1000;"80001";"ALDES ";"11016282";"MR MONO D160 130M3/76CFM";3;0;3;"29/04/2026";    1;"";
"AR2600622"; 2000;"80001";"ALDES ";"11016302";"MR MONO D250/10IN 400M3/235CFM";4;0;4;"29/04/2026";    1;"";
"AR2600794"; 2000;"80001";"ALDES ";"B3F408AL";"B3F MODULE PRINCIPAL";120;0;120;"29/04/2026";    5;"F426-08774";
"AR2601357"; 1000;"80001";"ALDES ";"A2178";"MANCHON MALE/MALE T2A PAR 2";128;0;128;"30/04/2026";    5;"";
"AR2601139"; 1000;"90501";"BRISTEC cz, s.r.o.";"BXE2077EX";"BXCC1245---- R0 --- - -- 100AE";60;0;60;"30/04/2026";    1;"";
"AR2601346"; 1000;"50028";"AERECO Ltd";"BXC1908EX";"BXCD1270--70 R0 PDL - 20 125AE";144;0;144;"30/04/2026";    1;"";
"AR2601346"; 5000;"50028";"AERECO Ltd";"BXE2073EX";"BXCC1270--70 R0 INT - 20 100AE";15;0;15;"30/04/2026";    1;"";
"AR2601346"; 3000;"50028";"AERECO Ltd";"BXC1903EX";"BXCD1270--70 R0 PDL - 20 100AE";48;0;48;"30/04/2026";    1;"";
"AR2601346"; 4000;"50028";"AERECO Ltd";"BXC1905EX";"BXCD12----70 --PDL - 20 100AE";96;0;96;"30/04/2026";    1;"";
"AR2601346"; 2000;"50028";"AERECO Ltd";"BXC1915EX";"BXCD12----70 -- PDL - 20 125AE";72;0;72;"30/04/2026";    1;"";
"AR2601257"; 1000;"80001";"ALDES ";"A2175";"COUDE 90 T2A EQUIP";210;0;210;"04/05/2026";    5;"";
"AR2601358"; 4000;"50004";"AERECO GmbH";"BXE2000GM";"BXCG1270---- R0 --- - -- COUAE";216;0;216;"06/05/2026";    1;"";
"AR2601358"; 5000;"50004";"AERECO GmbH";"BXE2052GM";"BXCG1245--45 R0 PDL - 20 100AE";210;0;210;"06/05/2026";    1;"";
"AR2503031"; 1000;"50004";"AERECO GmbH";"VAM813GM";"VAM GALV 230V 50Hz 120Pa";126;0;126;"06/05/2026";    1;"";
"AR2601194"; 2000;"50004";"AERECO GmbH";"BFE2068GM";"BXCCFIXE--12 -- --- - -- 100AE";60;0;60;"06/05/2026";    1;"";
"AR2601275"; 1000;"50004";"AERECO GmbH";"BFE2068GM";"BXCCFIXE--12 -- --- - -- 100AE";210;0;210;"06/05/2026";    1;"";
"AR2601275"; 2000;"50004";"AERECO GmbH";"BXE2065GM";"BXCC1270---- R0 --- - -- 100AE";210;0;210;"06/05/2026";    1;"";
"AR2601275"; 3000;"50004";"AERECO GmbH";"BXE2078GM";"BXCC1260---- R0 --- - -- 100AE";210;0;210;"06/05/2026";    1;"";
"AR2601275"; 4000;"50004";"AERECO GmbH";"BXE2077GM";"BXCC1245---- R0 --- - -- 100AE";210;0;210;"06/05/2026";    1;"";
"AR2601275"; 5000;"50004";"AERECO GmbH";"BFX1931GM";"BXCDFIXE--12 -- --- - -- 100AE";288;0;288;"06/05/2026";    1;"";
"AR2601275"; 6000;"50004";"AERECO GmbH";"AEA317XX";"ADAPTATEUR + JOINT D125 BXC";180;0;180;"06/05/2026";    1;"";
"AR2601369"; 1000;"50004";"AERECO GmbH";"BXC1893GM";"BXCD1245---- R0 --- - -- 100AE";288;0;288;"06/05/2026";    1;"";
"AR2601369"; 2000;"50004";"AERECO GmbH";"BXC1890GM";"BXCD1260---- R0 --- - -- 100AE";288;0;288;"06/05/2026";    1;"";
"AR2601194"; 1000;"50004";"AERECO GmbH";"BXE2078GM";"BXCC1260---- R0 --- - -- 100AE";150;0;150;"06/05/2026";    1;"";
"AR2601358"; 7000;"50004";"AERECO GmbH";"BXE2010GM";"BXCG12----70 --PDL - 20 100AE";210;0;210;"06/05/2026";    1;"";
"AR2601358"; 6000;"50004";"AERECO GmbH";"BFE2009GM";"BXCGFIXE--12 -- --- - -- 100AE";210;0;210;"06/05/2026";    1;"";
"AR2601358"; 3000;"50004";"AERECO GmbH";"BXE1999GM";"BXCG1270---- R0 --- - -- 100AE";210;0;210;"06/05/2026";    1;"";
"AR2601252"; 1000;"80001";"ALDES ";"EHM1306AE";"EHM  4 32 R-- SS -- -- BLC AE";1008;0;1008;"06/05/2026";    5;"F426-08942";
"AR2601358"; 1000;"50004";"AERECO GmbH";"BXE2205GM";"BXCF1260---- R0 --- - -- COUAE";216;0;216;"06/05/2026";    1;"";
"AR2601358"; 2000;"50004";"AERECO GmbH";"BXE2055GM";"BXCG1260---- R0 --- - -- COUAE";216;0;216;"06/05/2026";    1;"";
"AR2600772"; 1000;"80001";"ALDES ";"AEA301AE";"SOCLE EAR ACOUS EQ 39dB BLC AE";240;0;240;"11/05/2026";    5;"F426-08712";
"AR2601215"; 1000;"80001";"ALDES ";"A2178";"MANCHON MALE/MALE T2A PAR 2";128;0;128;"12/05/2026";    5;"";
"AR2601370"; 4000;"50004";"AERECO GmbH";"BXC1890GM";"BXCD1260---- R0 --- - -- 100AE";576;0;576;"13/05/2026";    1;"";
"AR2601370"; 3000;"50004";"AERECO GmbH";"BXC1893GM";"BXCD1245---- R0 --- - -- 100AE";288;0;288;"13/05/2026";    1;"";
"AR2601370"; 2000;"50004";"AERECO GmbH";"AEA942EX";"MANCH METAL TRID Ø100 BXS";1200;0;1200;"13/05/2026";    1;"";
"AR2601370"; 1000;"50004";"AERECO GmbH";"FBE1089GM";"BHM BOITE FILTRE ALU GRAND TR";264;0;264;"13/05/2026";    1;"";
"AR2600773"; 1000;"80001";"ALDES ";"EAR1313AE";"EAR  4-31 R-- - SS -- BLC AE";400;0;400;"18/05/2026";    5;"F426-08713";
"AR2600771"; 1000;"80001";"ALDES ";"EAR1167AE";"EAR  4-32 R-- - SS -- BLC AE";1000;0;1000;"19/05/2026";    5;"F426-08711";
"AR2503296"; 1000;"50004";"AERECO GmbH";"EHT780GM";"EHT  735 I- 1-O VI --- SV B AE";540;0;540;"20/05/2026";    1;"";
"AR2503032"; 1000;"50004";"AERECO GmbH";"VAM813GM";"VAM GALV 230V 50Hz 120Pa";126;0;126;"27/05/2026";    1;"";
"AR2504180"; 3000;"90006";"ALDES Venticontrol S.A.";"BDC1694AL";"BDC20 60 --- R19--- -- P 125AL";432;0;432;"02/06/2026";    5;"F426-08704";
"AR2503033"; 1000;"50004";"AERECO GmbH";"VAM813GM";"VAM GALV 230V 50Hz 120Pa";126;0;126;"10/06/2026";    1;"";
"AR2601359"; 1000;"50004";"AERECO GmbH";"BXE2201GM";"BXCC1245---- R0 --- - -- COUAE";216;0;216;"10/06/2026";    1;"";
"AR2601359"; 3000;"50004";"AERECO GmbH";"BXE2066GM";"BXCC1270---- R0 --- - -- COUAE";216;0;216;"10/06/2026";    1;"";
"AR2601359"; 2000;"50004";"AERECO GmbH";"BXE2202GM";"BXCC1260---- R0 --- - -- COUAE";216;0;216;"10/06/2026";    1;"";
"AR2503297"; 1000;"50004";"AERECO GmbH";"EHT780GM";"EHT  735 I- 1-O VI --- SV B AE";540;0;540;"17/06/2026";    1;"";
"AR2601360"; 5000;"50004";"AERECO GmbH";"BXE2073GM";"BXCC1270--70 R0 INT - 20 100AE";210;0;210;"24/06/2026";    1;"";
"AR2601360"; 4000;"50004";"AERECO GmbH";"BXE2190GM";"BXCC1260--60 RO INT - 20 COUAE";216;0;216;"24/06/2026";    1;"";
"AR2601360"; 2000;"50004";"AERECO GmbH";"BXE2192GM";"BXCC1245--45 RO INT - 20 COUAE";216;0;216;"24/06/2026";    1;"";
"AR2601360"; 1000;"50004";"AERECO GmbH";"BXE2191GM";"BXCC1245--45 RO INT - 20 100AE";210;0;210;"24/06/2026";    1;"";
"AR2601360"; 3000;"50004";"AERECO GmbH";"BXE2189GM";"BXCC1260--60 RO INT - 20 100AE";210;0;210;"24/06/2026";    1;"";
"AR2601083"; 3000;"50028";"AERECO Ltd";"EAF319EX";"EAR -- 33 -OB SA -- BLC AE";576;0;576;"02/07/2026";    1;"";
"AR2601083"; 4000;"50028";"AERECO Ltd";"AEA851XX";"AUVENT ACOUS EHA + GRILLE BLC";600;0;600;"02/07/2026";    1;"";
"AR2601083"; 2000;"50028";"AERECO Ltd";"EAF313EX";"EAR -- 33 -OB SS -- BLC AE";648;0;648;"02/07/2026";    1;"";
"AR2601083"; 1000;"50028";"AERECO Ltd";"EFM1888EX";"EHM -- 33 -OB SS -- -- BLC AE";1008;0;1008;"02/07/2026";    1;"";
"AR2504179"; 3000;"90006";"ALDES Venticontrol S.A.";"BDS458AL";"BDS 0545 -- R02 --- --  80 AL";1008;0;504;"13/07/2026";    5;"F426-08703";
"AR2601027"; 1000;"50004";"AERECO GmbH";"VAM813GM";"VAM GALV 230V 50Hz 120Pa";112;0;112;"15/07/2026";    1;"";
"AR2503298"; 1000;"50004";"AERECO GmbH";"EHT780GM";"EHT  735 I- 1-O VI --- SV B AE";360;0;360;"22/07/2026";    1;"";
"AR2600563"; 1000;"80001";"ALDES ";"11035405";"ESHKIT CPT HYGMW- BDH GP------";224;0;224;"22/12/2026";    5;"F426-08706";
